source,target,weight
336,337,60.0
337,338,60.0
106793,319,60.0
338,339,69.0
319,320,64.0
319,460,60.0
319,461,129.0
339,167,60.0
320,321,60.0
320,1639,60.0
320,1747,60.0
320,2230,60.0
320,2876,60.0
167,166,60.0
167,168,67.0
321,105,60.0
321,320,87.0
321,322,60.0
321,349,60.0
321,1778,60.0
166,165,69.0
166,167,60.0
322,323,77.0
322,1954,77.0
322,1966,74.0
165,155,60.0
165,166,83.0
165,8501,60.0
323,324,62.0
155,165,60.0
155,4541,88.0
324,325,76.0
324,1954,107.0
324,1955,122.0
4541,116,60.0
4541,153,60.0
4541,155,84.0
325,324,67.0
325,326,81.0
325,3167,67.0
153,152,85.0
153,207,85.0
153,4541,103.0
326,325,107.0
326,327,66.0
326,344,67.0
152,151,87.0
152,153,106.0
152,218,106.0
152,4501,87.0
152,4542,100.0
327,328,60.0
327,388,60.0
327,491,60.0
151,150,106.0
151,152,60.0
328,329,91.0
150,149,60.0
150,151,91.0
329,330,69.0
329,5033,60.0
149,150,60.0
149,4533,90.0
330,331,60.0
4533,120,97.0
4533,122,60.0
4533,147,60.0
4533,149,142.0
4533,217,60.0
4533,289,60.0
4533,340,60.0
4533,399,60.0
4533,1962,60.0
331,121,60.0
331,217,69.0
331,399,69.0
331,1963,100.0
331,4533,60.0
340,341,108.0
121,120,97.0
121,122,60.0
121,217,60.0
121,331,60.0
121,399,60.0
341,329,71.0
120,119,60.0
120,121,82.0
119,118,84.0
119,120,67.0
5033,343,60.0
118,117,67.0
118,119,68.0
343,344,60.0
117,116,64.0
117,118,118.0
117,207,64.0
344,326,60.0
344,345,60.0
344,385,60.0
344,2550,60.0
116,115,125.0
116,117,98.0
345,346,98.0
115,114,99.0
115,116,144.0
346,347,68.0
114,115,60.0
114,164,60.0
347,348,107.0
347,1823,108.0
347,1955,121.0
347,1966,107.0
164,114,60.0
164,155,60.0
164,163,60.0
348,105,97.0
348,349,97.0
163,162,60.0
163,164,72.0
349,106,98.0
349,460,78.0
349,1204,103.0
349,2230,78.0
162,161,70.0
162,163,60.0
162,332,70.0
106,107,90.0
106,1747,60.0
106,1826,60.0
106,1827,62.0
332,333,83.0
107,105,60.0
107,319,60.0
107,1208,60.0
107,1323,73.0
107,1827,73.0
107,3246,60.0
107,6261,108.0
333,334,60.0
334,335,72.0
141,139,60.0
141,4429,60.0
141,5424,60.0
141,5504,60.0
139,138,60.0
139,140,83.0
139,141,83.0
138,137,83.0
138,139,62.0
138,1275,83.0
1275,1276,68.0
1275,106564,68.0
1276,135,168.0
135,134,89.0
135,136,136.0
135,106563,136.0
134,133,136.0
134,135,107.0
134,4470,136.0
133,134,82.0
133,142,107.0
142,131,81.0
131,130,127.0
131,132,60.0
131,790,60.0
131,799,60.0
131,1251,60.0
130,129,60.0
130,131,83.0
130,143,60.0
130,172,60.0
130,4055,82.0
172,1277,83.0
172,3315,83.0
1277,144,60.0
1277,145,67.0
1277,393,60.0
1277,403,60.0
1277,4509,60.0
144,145,60.0
144,173,60.0
144,393,60.0
144,4509,60.0
4509,125,90.0
4509,126,103.0
4509,381,145.0
4509,445,91.0
125,124,60.0
125,126,60.0
124,123,60.0
124,125,77.0
124,146,60.0
146,124,60.0
146,147,68.0
147,121,60.0
147,146,149.0
147,289,60.0
147,4533,60.0
171,170,60.0
171,373,152.0
170,169,60.0
170,171,60.0
169,160,60.0
169,170,82.0
169,4539,60.0
160,159,64.0
160,161,78.0
160,168,82.0
160,169,69.0
168,160,60.0
168,167,68.0
8501,4541,82.0
161,160,60.0
161,162,64.0
161,4536,60.0
4536,159,60.0
159,158,84.0
159,160,60.0
159,170,78.0
158,159,60.0
158,4537,60.0
4542,150,78.0
4537,158,93.0
4537,170,60.0
4537,373,60.0
122,121,60.0
122,123,148.0
123,122,77.0
123,124,60.0
126,127,60.0
126,8061,60.0
8061,392,62.0
8061,403,62.0
8061,3315,62.0
3315,129,60.0
3315,144,60.0
3315,145,60.0
3315,173,60.0
3315,392,60.0
3315,403,60.0
3315,4509,67.0
129,130,60.0
129,1266,60.0
129,3315,83.0
129,3801,60.0
1266,3830,81.0
3830,132,62.0
3830,799,62.0
3830,1251,63.0
132,133,125.0
132,1267,112.0
1267,1268,88.0
1268,1269,103.0
1269,136,125.0
1269,106563,125.0
136,135,154.0
136,137,88.0
136,4444,89.0
137,136,61.0
137,138,154.0
137,1270,154.0
137,4488,99.0
137,106564,60.0
1270,1271,60.0
1271,140,78.0
1271,141,79.0
174,175,60.0
175,176,150.0
176,177,60.0
177,178,60.0
178,179,71.0
178,106602,71.0
106602,180,62.0
180,5564,60.0
5564,182,66.0
5564,619,66.0
182,183,61.0
183,3295,60.0
3295,238,87.0
3295,3333,95.0
3333,186,77.0
186,187,87.0
187,188,60.0
188,189,60.0
189,190,60.0
190,191,60.0
191,192,76.0
191,644,74.0
213,35,60.0
213,274,60.0
213,3361,202.0
192,191,75.0
192,3304,73.0
274,40,103.0
274,3354,99.0
274,3855,93.0
3304,192,60.0
3304,194,74.0
3855,215,60.0
3855,293,116.0
3855,6467,60.0
194,194,60.0
194,196,60.0
194,621,60.0
194,3304,61.0
215,216,69.0
216,217,90.0
196,197,96.0
196,1931,60.0
196,106796,60.0
217,121,60.0
217,122,60.0
217,289,60.0
217,331,63.0
217,340,60.0
217,399,60.0
217,449,60.0
217,4533,60.0
197,198,60.0
198,199,60.0
198,1926,60.0
199,200,79.0
199,226,86.0
200,201,123.0
200,224,123.0
200,277,60.0
200,1930,60.0
224,223,60.0
224,225,60.0
223,222,60.0
223,224,76.0
207,117,87.0
207,206,100.0
222,221,78.0
222,223,79.0
206,205,83.0
206,207,74.0
221,220,77.0
221,222,75.0
205,204,77.0
205,206,100.0
220,219,82.0
220,221,76.0
204,203,88.0
204,205,84.0
204,3838,88.0
219,218,80.0
219,220,86.0
3838,202,91.0
202,201,60.0
202,203,60.0
218,152,87.0
218,153,87.0
218,219,89.0
201,200,60.0
201,202,60.0
201,225,60.0
225,199,60.0
225,200,129.0
225,224,132.0
225,288,60.0
226,227,60.0
227,196,60.0
289,290,104.0
289,7778,60.0
106796,229,89.0
290,291,109.0
229,230,60.0
229,626,60.0
291,211,78.0
291,292,77.0
291,1252,78.0
291,2018,150.0
230,229,79.0
230,231,60.0
211,34,154.0
231,230,86.0
231,232,81.0
34,35,100.0
34,213,146.0
34,274,100.0
34,734,99.0
34,106876,147.0
232,231,65.0
232,627,68.0
627,234,77.0
234,235,60.0
235,236,62.0
236,8062,60.0
8062,238,60.0
8062,656,60.0
238,186,77.0
238,3334,98.0
238,7939,97.0
7939,240,75.0
7939,671,75.0
7939,3356,75.0
240,619,124.0
240,628,123.0
240,5555,69.0
240,5562,124.0
5562,5556,60.0
5556,243,60.0
243,179,79.0
179,180,91.0
179,244,61.0
179,629,62.0
244,245,60.0
245,246,72.0
246,247,60.0
247,174,60.0
248,249,60.0
248,469,95.0
248,777,60.0
248,6427,95.0
249,250,60.0
250,251,91.0
251,252,63.0
252,253,73.0
252,106808,73.0
106808,254,110.0
254,255,60.0
255,256,60.0
256,257,69.0
256,778,70.0
257,258,60.0
257,310,60.0
257,311,64.0
258,259,98.0
258,311,98.0
258,806,69.0
259,260,173.0
260,261,60.0
260,307,60.0
261,262,60.0
261,308,84.0
262,263,60.0
263,106797,76.0
106797,265,85.0
106797,305,60.0
265,266,60.0
266,267,114.0
267,268,60.0
268,269,71.0
269,270,150.0
270,271,60.0
271,106809,79.0
106809,106810,60.0
106810,106811,83.0
106811,31,62.0
31,32,114.0
32,33,89.0
33,34,80.0
3354,34,60.0
3354,41,60.0
3354,275,63.0
3354,351,63.0
3354,385,63.0
3354,458,63.0
3354,734,68.0
3354,1140,63.0
3354,5732,60.0
275,276,68.0
275,294,61.0
294,40,60.0
294,215,60.0
294,458,60.0
294,2017,167.0
203,202,87.0
203,204,60.0
203,5347,82.0
288,225,67.0
288,287,131.0
287,285,68.0
287,288,60.0
287,3179,68.0
3179,285,60.0
3179,287,101.0
3179,8343,60.0
3179,8605,60.0
8605,281,100.0
8605,284,100.0
8605,3179,75.0
8605,8202,74.0
284,282,74.0
284,283,72.0
284,285,61.0
284,8605,61.0
282,281,121.0
282,1967,64.0
39,40,104.0
39,294,110.0
39,3857,60.0
40,34,63.0
40,41,110.0
40,102,60.0
40,275,60.0
40,351,60.0
40,385,60.0
40,734,79.0
40,5732,64.0
41,42,107.0
41,734,103.0
42,43,131.0
43,44,91.0
44,45,60.0
45,46,60.0
45,295,60.0
45,352,60.0
45,398,60.0
45,492,60.0
46,31,60.0
46,47,190.0
47,48,112.0
48,6296,70.0
6296,50,94.0
6296,6695,94.0
50,24,100.0
50,1186,100.0
24,25,94.0
24,51,60.0
24,6695,95.0
51,52,98.0
51,503,60.0
52,51,185.0
52,53,60.0
52,504,60.0
52,1195,60.0
53,20,184.0
53,22,109.0
53,52,65.0
53,1196,184.0
20,19,109.0
20,53,120.0
20,1152,695.0
19,18,121.0
19,20,222.0
19,1190,121.0
19,1192,121.0
1190,19,116.0
1190,1188,86.0
1188,1197,117.0
1197,1150,66.0
1197,6696,60.0
1197,106679,60.0
6696,6693,60.0
6696,6697,108.0
6696,106843,60.0
6697,6696,60.0
6697,6698,60.0
6698,6697,60.0
6698,6699,60.0
6699,6698,60.0
6699,6700,60.0
6700,6699,60.0
6700,6701,60.0
6701,6700,90.0
6701,6702,60.0
6702,54,90.0
6702,6701,151.0
54,55,139.0
54,6702,81.0
55,15,93.0
15,16,87.0
15,6914,60.0
15,6920,87.0
15,7587,116.0
15,7589,87.0
7587,57,93.0
57,58,157.0
58,11,151.0
58,59,151.0
59,60,81.0
60,61,105.0
61,62,110.0
62,6,61.0
6,7,88.0
6,6397,88.0
7,8,103.0
7,79,103.0
7,91,103.0
91,92,79.0
92,93,84.0
93,76,193.0
93,94,186.0
94,95,119.0
95,96,95.0
96,97,107.0
97,71,103.0
97,98,104.0
98,99,124.0
99,100,86.0
100,101,70.0
100,7627,70.0
101,6243,88.0
283,281,60.0
283,284,60.0
283,1989,62.0
283,8098,61.0
281,282,74.0
281,285,64.0
281,8605,63.0
285,284,102.0
285,285,142.0
285,3179,72.0
285,8202,71.0
8202,278,102.0
8202,8605,60.0
278,277,60.0
278,288,60.0
278,8202,79.0
277,200,78.0
277,278,122.0
292,3855,60.0
292,4545,60.0
6467,102,81.0
6467,108,81.0
6467,276,81.0
6467,351,82.0
6467,458,81.0
6467,733,81.0
6467,949,81.0
276,40,60.0
276,215,60.0
295,296,258.0
296,297,67.0
296,299,79.0
297,296,103.0
299,300,60.0
300,301,74.0
301,302,139.0
302,303,68.0
303,106797,87.0
305,306,112.0
306,307,72.0
307,308,60.0
307,1183,60.0
308,309,60.0
309,310,60.0
310,257,153.0
310,311,99.0
310,779,81.0
310,806,81.0
311,312,122.0
312,313,60.0
313,253,60.0
253,254,103.0
253,314,60.0
314,315,98.0
315,316,68.0
316,317,78.0
317,248,60.0
3850,525,60.0
525,526,60.0
525,3851,60.0
526,519,75.0
519,520,60.0
520,474,67.0
520,477,76.0
477,478,66.0
477,520,71.0
478,53,71.0
478,477,241.0
478,3852,71.0
22,23,171.0
22,478,70.0
23,22,60.0
23,24,69.0
23,479,69.0
23,1153,69.0
1153,25,60.0
1153,1154,60.0
25,26,74.0
26,27,60.0
27,28,94.0
28,29,70.0
29,30,87.0
29,46,87.0
30,30,164.0
30,31,105.0
30,4475,106.0
68,69,60.0
68,6381,60.0
385,40,88.0
385,387,60.0
385,3354,87.0
69,68,67.0
69,70,91.0
387,327,70.0
387,345,69.0
70,69,108.0
70,71,98.0
70,1068,98.0
71,70,133.0
71,72,73.0
71,1092,137.0
72,73,60.0
73,71,104.0
73,1071,95.0
1071,73,103.0
1071,75,102.0
75,76,100.0
75,1071,108.0
76,75,113.0
76,77,116.0
77,78,95.0
78,79,214.0
78,93,77.0
79,8,75.0
79,78,80.0
79,1074,74.0
8,9,60.0
8,584,60.0
8,608,60.0
8,5995,117.0
8,7701,117.0
9,10,106.0
9,62,98.0
10,9,96.0
10,11,102.0
11,10,90.0
11,12,100.0
491,1959,60.0
491,5033,66.0
12,13,100.0
12,80,100.0
12,7684,100.0
13,14,135.0
13,6517,135.0
14,15,163.0
16,17,124.0
17,6293,70.0
17,6688,70.0
17,6903,149.0
17,106517,70.0
106517,6689,145.0
6689,6688,60.0
6689,6690,93.0
6690,6689,63.0
6690,6691,60.0
6691,6690,60.0
6691,6692,63.0
6692,6691,60.0
6692,6693,60.0
6693,6692,60.0
6693,6694,60.0
6693,106675,60.0
6694,1197,84.0
6694,6916,60.0
6694,106842,60.0
6695,26,65.0
6695,1186,60.0
1150,1190,60.0
1150,1192,60.0
1186,51,60.0
504,53,74.0
504,505,253.0
505,504,65.0
505,521,74.0
521,505,67.0
521,506,65.0
521,522,64.0
522,527,60.0
522,3872,60.0
527,528,60.0
528,3850,94.0
35,3855,149.0
108,3857,60.0
351,40,60.0
351,557,60.0
557,40,60.0
492,30,82.0
492,493,188.0
493,494,99.0
494,495,62.0
495,496,60.0
496,497,60.0
529,530,60.0
497,484,61.0
497,498,61.5
497,1084,61.0
530,531,60.0
1084,558,60.0
531,532,60.0
558,559,86.0
532,533,100.0
559,560,60.0
533,534,60.0
533,578,60.0
560,561,82.0
534,535,60.0
534,579,108.0
561,562,60.0
535,534,60.0
535,536,109.0
562,563,60.0
536,537,60.0
563,564,60.0
537,538,60.0
537,577,60.0
564,565,78.0
538,539,60.0
565,566,66.0
539,540,60.0
566,548,77.0
566,567,80.0
540,541,60.0
567,566,60.0
567,568,78.0
567,5034,66.0
541,84,81.0
541,7220,81.0
568,567,60.0
568,569,60.0
568,106784,60.0
84,542,60.0
569,570,67.0
542,543,60.0
570,85,60.0
570,571,60.0
543,544,85.0
571,86,60.0
544,545,60.0
86,572,85.0
86,1085,86.0
545,546,61.0
572,573,60.0
546,547,84.0
546,5032,78.0
573,574,90.0
547,548,67.0
574,575,60.0
548,549,75.0
575,537,60.0
575,576,60.0
549,550,60.0
550,551,72.0
577,535,60.0
551,552,60.0
552,553,60.0
553,554,60.0
579,580,64.0
554,555,124.0
580,581,60.0
555,484,60.0
555,106464,60.0
581,582,106.0
106464,485,75.0
582,583,60.0
485,486,60.0
486,487,79.0
487,488,60.0
488,489,60.0
489,30,78.0
489,492,78.0
489,3854,78.0
3854,30,85.0
3854,31,86.0
392,393,60.0
393,394,135.0
393,3317,135.0
394,395,94.0
394,446,94.0
395,377,67.0
377,376,86.0
377,378,62.0
377,396,86.0
396,624,99.0
396,4499,60.0
624,396,72.0
624,625,60.0
625,624,60.0
625,626,71.0
626,229,60.0
626,625,60.0
654,655,60.0
655,187,75.0
621,194,60.0
621,622,60.0
622,621,60.0
622,623,60.0
623,376,60.0
623,622,81.0
623,3320,60.0
3320,106603,78.0
106603,378,71.0
378,379,85.0
378,446,83.0
378,3312,82.0
379,380,70.0
379,402,109.0
380,145,95.0
380,2517,96.0
380,4509,134.0
145,125,146.0
145,126,105.0
145,381,146.0
145,445,93.0
628,5556,60.0
614,615,60.0
615,616,60.0
616,617,60.0
629,630,92.0
617,618,60.0
630,631,60.0
618,179,60.0
631,632,60.0
632,106667,60.0
106667,633,60.0
619,183,60.0
619,5556,60.0
3312,380,60.0
1068,72,84.0
584,585,97.0
585,586,73.0
585,606,72.0
586,587,91.0
587,588,60.0
588,5991,60.0
588,5992,60.0
588,5994,60.0
588,7791,60.0
5994,590,60.0
5994,603,297.0
5994,106828,60.0
603,589,69.0
603,4764,76.0
603,7920,60.0
7920,601,68.0
7920,603,92.0
601,600,93.0
601,7920,84.0
600,594,83.0
600,601,65.0
600,7734,83.0
594,593,60.0
594,595,60.0
594,600,60.0
594,3844,68.0
594,7207,94.0
594,7735,97.0
595,594,97.0
595,596,96.0
595,6739,97.0
596,595,105.0
596,597,97.0
597,596,114.0
597,598,105.0
597,106813,105.0
106813,599,114.0
599,18,162.0
599,598,148.0
599,6293,154.0
599,6471,154.0
6293,19,168.0
458,3857,60.0
3857,39,131.0
3857,294,131.0
3857,1204,78.0
3857,3212,78.0
3212,105,137.0
105,106,87.0
105,321,88.0
105,460,87.0
105,1204,94.0
105,2230,87.0
105,3525,100.0
2230,107,77.0
1204,103,78.0
1204,105,130.0
1204,349,137.0
1204,1638,78.0
1204,1642,78.0
1204,3857,78.0
103,39,124.0
103,102,124.0
103,108,124.0
103,385,124.0
103,949,124.0
103,1204,83.0
103,2550,125.0
1196,1187,105.0
1187,18,125.0
1187,1192,124.0
18,19,143.0
18,54,221.0
18,599,220.0
18,5761,221.0
5761,598,207.0
598,597,163.0
598,599,115.0
598,106484,205.0
598,106707,103.0
106707,596,118.0
6739,593,110.0
593,592,71.0
593,594,77.0
593,7734,77.0
593,7763,77.0
592,591,77.0
592,593,96.0
591,590,96.0
591,592,77.0
591,7904,96.0
7904,589,72.0
7904,4761,72.0
589,604,86.0
604,605,75.0
605,606,60.0
606,587,91.0
606,607,60.0
607,586,60.0
607,608,91.0
608,62,60.0
608,607,106.0
691,692,60.0
691,6655,93.0
691,9281,60.0
692,691,60.0
692,693,129.0
692,760,60.0
693,692,60.0
693,694,60.0
694,693,60.0
694,2216,60.0
2216,696,60.0
2216,2217,60.0
2217,2218,60.0
2218,2226,60.0
2226,699,105.0
699,698,68.0
699,700,62.0
700,699,111.0
700,701,69.0
700,4551,111.0
700,6800,69.0
701,700,81.0
701,702,111.0
701,7217,80.0
702,701,137.0
702,703,80.0
702,6647,137.0
703,702,82.0
703,704,135.0
703,4526,136.0
704,703,84.0
704,705,81.0
704,4527,81.0
704,6543,81.0
4527,706,78.0
706,707,213.0
707,708,87.0
708,709,102.0
709,710,125.0
710,711,153.0
711,712,60.0
712,713,129.0
713,714,93.0
714,715,74.0
715,716,60.0
716,717,61.0
716,1148,61.0
716,3834,61.0
717,718,60.0
717,2150,60.0
717,2282,60.0
718,719,94.0
718,748,87.0
718,1110,75.0
718,1127,75.0
719,720,91.0
719,747,139.0
719,2352,60.0
720,721,143.0
720,744,144.0
721,722,78.0
722,723,71.0
722,2107,71.0
722,2343,71.0
723,766,65.0
723,2229,65.0
766,741,165.0
766,2106,176.0
741,726,60.0
741,785,60.0
726,727,71.0
726,2302,110.0
727,729,98.0
727,4532,106.0
4532,729,108.0
4532,1671,108.0
729,730,86.0
730,731,72.0
730,738,103.0
731,732,108.0
731,1637,108.0
731,2299,107.0
732,35,77.0
732,274,78.0
733,3354,74.0
734,735,111.0
734,1637,68.0
735,736,73.0
735,4053,73.0
736,730,179.0
736,737,122.0
737,738,93.0
738,739,88.0
738,1721,78.0
739,740,91.0
739,950,90.0
739,1671,93.0
740,726,138.0
740,800,138.0
740,2301,138.0
2301,727,60.0
2301,2302,104.0
2302,742,60.0
2302,2303,60.0
742,743,255.0
743,744,60.0
744,722,75.0
744,745,70.0
744,768,75.0
745,719,76.0
745,746,76.0
746,718,143.0
746,720,94.0
746,747,143.0
746,1142,60.0
747,746,71.0
747,748,87.0
747,1127,71.0
747,3834,83.0
747,4050,87.0
747,6935,87.0
748,749,60.0
749,750,60.0
749,1145,60.0
750,751,60.0
751,752,115.0
752,753,72.0
753,754,87.0
754,755,133.0
754,1113,132.0
755,756,60.0
756,757,147.0
757,758,136.0
758,759,96.0
759,705,81.0
705,704,214.0
705,706,80.0
705,2149,77.0
705,2185,214.0
705,4549,214.0
4549,703,126.0
4549,4550,126.0
4550,702,60.0
7217,4551,103.0
4551,698,65.0
4551,2219,60.0
698,697,60.0
698,699,121.0
698,765,60.0
698,769,60.0
697,696,83.0
697,698,60.0
696,697,60.0
696,2227,60.0
2227,694,60.0
760,692,60.0
761,762,60.0
761,771,60.0
761,2223,60.0
761,5075,60.0
761,5223,96.0
762,761,60.0
762,763,102.0
763,762,71.0
763,764,60.0
763,770,60.0
763,771,74.0
763,6078,60.0
764,763,60.0
764,765,71.0
765,698,60.0
765,764,125.0
765,2226,60.0
2303,767,103.0
2303,2107,89.0
767,768,162.0
767,2305,162.0
768,723,70.0
768,744,72.0
1145,751,60.0
769,698,60.0
769,770,125.0
770,763,60.0
770,769,69.0
770,2221,60.0
2221,771,60.0
2221,4553,60.0
771,761,60.0
771,763,96.0
779,780,141.0
780,781,68.0
781,782,79.0
782,783,70.0
783,784,60.0
783,1101,60.0
784,2105,69.0
2105,725,64.0
2105,786,63.0
786,727,89.0
388,788,126.0
788,789,60.0
788,3812,60.0
789,391,74.0
391,392,82.0
391,1277,82.0
391,3315,82.0
106563,137,148.0
799,131,90.0
799,798,60.0
798,797,132.0
798,799,70.0
797,796,70.0
797,798,77.0
796,794,60.0
796,795,76.0
796,797,81.0
794,793,63.0
794,1789,84.0
106564,135,93.0
381,382,93.0
382,5033,79.0
800,785,100.0
785,801,189.0
801,802,60.0
802,803,69.0
803,804,65.0
795,793,60.0
795,796,60.0
795,1813,89.0
795,1815,72.0
804,805,68.0
793,792,81.0
793,794,73.0
805,806,78.0
792,791,70.0
792,793,82.0
806,258,61.0
806,310,61.0
806,780,141.0
806,955,61.0
791,790,83.0
791,792,67.0
790,131,66.0
790,791,83.0
790,5323,83.0
6974,862,60.0
862,931,83.0
862,932,148.0
862,2142,82.0
862,6975,156.0
6975,6478,86.0
6478,865,244.0
6478,887,198.0
865,886,60.0
865,888,82.0
865,934,60.0
865,2140,60.0
865,5797,122.0
934,865,109.0
934,935,82.0
935,934,92.0
935,936,126.0
936,935,107.0
936,937,97.0
936,106482,97.0
106482,106483,105.0
106483,939,89.0
106483,2104,89.0
939,940,141.0
939,1660,141.0
1660,941,136.0
1660,1661,136.0
941,942,164.0
942,943,74.0
943,779,111.0
943,944,111.0
943,954,110.0
944,945,217.0
945,264,68.0
264,946,102.0
264,1667,102.0
946,947,114.0
947,948,61.0
948,728,89.0
948,739,89.0
948,1721,88.0
728,729,105.0
949,40,60.0
950,951,90.0
951,952,88.0
951,1724,88.0
952,304,63.0
304,953,120.0
953,954,100.0
954,945,221.0
954,955,63.0
954,1728,63.0
955,956,222.0
956,957,74.0
957,958,111.0
957,1731,109.0
958,959,132.0
959,938,147.0
959,974,147.0
959,1733,144.0
938,937,173.0
938,939,86.0
938,2104,86.0
938,2115,85.0
937,936,86.0
937,938,105.0
937,960,86.0
960,937,98.0
960,961,104.0
961,960,126.0
961,962,93.0
961,6909,123.0
962,867,78.0
962,887,126.0
962,961,82.0
887,866,60.0
887,888,82.0
887,962,60.0
887,2193,75.0
888,863,70.0
888,932,83.0
863,889,60.0
863,6478,128.0
889,861,121.0
889,863,160.0
889,7088,122.0
7088,889,60.0
7088,7089,122.0
890,7089,60.0
7089,892,120.0
7089,893,105.0
892,893,63.0
893,894,61.0
893,7091,112.0
894,895,123.0
895,896,60.0
896,897,65.0
897,898,69.0
898,899,111.0
899,900,107.0
900,901,100.0
901,6087,97.0
6087,903,117.0
6087,6088,103.0
903,904,112.0
904,905,92.0
905,906,203.0
906,907,214.0
907,908,81.0
908,909,94.0
909,910,96.0
910,911,79.0
911,912,76.0
912,913,123.0
913,914,117.0
914,915,70.0
915,916,127.0
916,836,138.0
916,917,157.0
916,6897,157.0
916,7047,60.0
917,918,107.0
918,919,95.0
919,831,127.0
831,830,60.0
831,832,60.0
831,833,60.0
830,831,86.0
830,832,87.0
830,920,60.0
920,921,60.0
921,922,164.0
922,923,64.0
923,924,61.0
924,925,102.0
925,926,134.0
926,927,60.0
926,6198,64.0
926,6884,60.0
927,928,76.0
928,813,106.0
928,822,938.0
928,929,85.0
928,6201,89.0
929,812,60.0
929,930,60.0
930,813,250.0
930,7481,250.0
812,6201,60.0
812,6202,130.0
6201,812,60.0
6201,928,554.0
822,823,872.0
822,926,60.0
822,928,60.0
823,824,61.0
823,6199,60.0
824,825,60.0
825,826,138.0
826,827,93.0
827,828,66.0
828,829,60.0
829,830,119.0
832,831,60.0
832,833,60.0
833,834,60.0
834,835,154.0
834,916,153.0
836,837,144.0
837,838,144.0
838,839,75.0
839,840,129.0
840,841,107.0
841,842,60.0
842,843,114.0
843,844,95.0
844,845,87.0
845,846,87.0
846,847,204.0
847,848,202.0
848,849,99.0
849,850,96.0
849,6068,63.0
850,851,127.0
851,852,108.0
852,853,96.0
853,854,102.0
854,855,112.0
855,856,75.0
856,857,62.0
857,858,60.0
858,859,123.0
858,860,91.0
859,860,85.0
860,890,60.0
860,931,116.0
860,6883,60.0
993,992,60.0
993,994,60.0
993,1025,60.0
993,6316,60.0
993,6441,62.0
6316,991,60.0
6316,1026,60.0
1026,992,123.0
1026,1027,60.0
1026,5899,60.0
1026,6166,60.0
5899,991,60.0
5899,1028,118.0
5899,5900,117.0
5900,5899,76.0
5900,5901,60.0
5901,1030,72.0
5901,1051,78.0
5901,5900,160.0
5901,5902,78.0
1030,1031,87.0
1030,1047,67.0
1030,5891,90.0
1031,1032,141.0
1031,1048,91.0
1031,1051,94.0
1031,5902,94.0
1031,6303,147.0
1032,1031,128.0
1032,1033,91.0
1033,984,88.0
1033,1032,60.0
1033,1034,91.0
1033,7273,124.0
1034,1035,98.0
1035,972,92.0
972,973,140.0
972,1658,141.0
973,939,159.0
940,941,138.0
974,975,144.0
974,1036,144.0
1036,1037,110.0
1037,1038,216.0
1038,1737,60.0
1038,7273,60.0
7273,877,60.0
7273,984,60.0
7273,1033,60.0
7273,1737,60.0
984,985,60.0
985,6320,60.0
985,7742,60.0
7742,7743,132.0
7743,988,89.0
988,8852,60.0
8852,8851,60.0
8851,991,60.0
991,992,92.0
991,5899,60.0
992,991,60.0
992,993,60.0
992,1026,60.0
992,3849,60.0
1040,1041,60.0
1040,6308,105.0
1041,1746,60.0
1041,5844,73.0
5844,1043,97.0
5844,6263,97.0
5844,6307,60.0
1043,1044,60.0
1043,1746,131.0
1043,5844,131.0
1044,1043,71.0
1044,1045,129.0
1045,1044,60.0
1045,1742,73.0
1045,5892,72.0
1742,1045,97.0
1742,1047,129.0
1742,1743,99.0
1742,5892,95.0
1047,1048,95.0
1047,1742,84.0
1048,1029,63.0
1048,1031,63.0
1048,1047,141.0
1048,1652,63.0
1737,983,90.0
1737,1050,102.0
1050,1031,85.0
1050,1739,85.0
1051,1052,137.0
1052,1053,62.0
1052,1742,62.0
1053,1743,97.0
1053,6526,98.0
1743,1744,132.0
1743,5892,76.0
1744,1056,75.0
1744,1743,125.0
1744,6263,75.0
1056,1744,60.0
1056,1746,123.0
1056,6263,121.0
1746,1056,79.0
1746,1058,60.0
1746,1645,60.0
1746,5153,60.0
1746,5846,60.0
1746,6217,60.0
1746,6307,60.0
1746,6347,60.0
1746,6771,60.0
1058,5154,197.0
399,208,60.0
399,331,60.0
399,400,163.0
399,4533,60.0
400,399,145.0
400,401,60.0
401,379,91.0
401,395,90.0
401,400,60.0
401,1915,90.0
401,106462,91.0
1251,131,60.0
1251,1233,81.0
1059,1060,60.0
1233,1249,60.0
1060,1061,67.0
1249,1235,60.0
1249,1250,183.0
1249,1831,182.0
1061,1062,72.0
1235,1236,224.0
1062,1063,60.0
1236,1237,60.0
1063,1064,60.0
1237,1238,97.0
1064,1065,149.0
1064,1095,115.0
1238,1239,60.0
1065,1066,100.0
1239,1240,108.0
1066,1067,60.0
1240,1241,60.0
1067,1068,102.0
1241,1242,72.0
1241,1243,61.0
1242,1241,60.0
1242,8284,60.0
1242,9296,60.0
1074,9,66.0
7684,1078,168.0
1078,82,220.0
82,1079,142.0
82,7661,133.0
7661,84,114.0
484,483,99.0
484,485,84.0
484,499,60.0
499,482,60.0
499,498,60.0
499,500,61.0
482,481,60.0
482,483,60.0
482,501,60.0
501,500,60.0
501,502,132.0
502,501,63.0
502,503,60.0
503,51,63.0
503,502,60.0
479,23,62.0
479,480,60.0
480,479,60.0
480,481,62.0
481,480,127.0
481,482,60.0
481,500,60.0
500,483,60.0
500,499,60.0
500,501,60.0
483,482,60.0
483,484,60.0
483,498,60.0
483,1084,60.0
1085,88,124.0
1085,7662,60.0
88,89,110.0
89,90,140.0
90,58,215.0
90,9280,215.0
1092,1093,95.0
1093,1094,90.0
1094,1064,60.0
1095,1096,153.0
1096,1097,60.0
1097,1098,96.0
1098,1059,60.0
9296,1243,60.0
1243,1244,72.0
1244,1245,60.0
1245,1246,60.0
1246,1247,77.0
1247,1248,62.0
1248,1249,60.0
1250,1251,60.0
446,447,104.0
447,400,60.0
447,448,60.0
447,1940,60.0
448,447,60.0
448,449,60.0
449,121,60.0
449,289,60.0
449,340,60.0
449,448,155.0
449,1962,60.0
449,4533,60.0
1252,34,100.0
1252,41,100.0
1261,1259,60.0
1259,1258,99.0
1259,1260,81.0
1258,1257,81.0
1258,1259,82.0
1257,1258,67.0
1257,1262,82.0
1262,1263,64.0
1263,1254,83.0
1263,1256,82.0
1263,4430,61.0
1254,1255,60.0
1254,1263,60.0
1254,1265,83.0
1265,141,60.0
140,139,135.0
140,1253,60.0
140,1801,60.0
140,5424,60.0
1253,1254,97.0
1256,1257,88.0
1260,3287,60.0
1192,19,114.0
1192,1188,87.0
1152,22,78.0
1119,1121,60.0
1154,1155,96.0
1121,1117,75.0
1155,1191,60.0
1117,1123,60.0
1191,1156,60.0
1123,1115,68.0
1123,1122,60.0
1156,261,71.0
1115,1114,60.0
1114,1113,96.0
1114,1124,204.0
1113,711,194.0
1113,1114,60.0
1148,718,63.0
1148,747,63.0
1148,2150,64.0
1101,1102,60.0
1102,1103,60.0
1127,719,60.0
1127,720,66.0
1127,1128,62.0
1103,1104,60.0
1128,1129,60.0
1128,1142,163.0
1104,1105,60.0
1129,1108,158.0
1105,1106,60.0
1108,1109,89.0
1108,1130,70.0
1106,1107,194.0
1130,1131,104.0
1107,1108,66.0
1131,1132,65.0
1132,1133,202.0
1109,1128,83.0
1133,1134,60.0
1134,1135,60.0
1142,747,60.0
1142,1110,67.0
1135,1136,66.0
1136,802,60.0
3834,749,95.0
3834,2150,60.0
1124,1123,96.0
1183,1194,100.0
1194,1184,76.0
1122,1118,60.0
1184,1185,60.0
1118,1120,60.0
1185,1186,60.0
1195,1196,217.0
1365,1366,60.0
1366,1367,60.0
1367,1368,60.0
1367,1385,62.0
1368,1383,61.0
1383,1370,75.0
1383,1382,77.0
1383,1400,144.0
1383,2892,77.0
1383,2991,75.0
1383,8808,77.0
2892,1371,234.0
2892,1381,234.0
1371,1370,189.0
1371,1372,68.0
1371,1380,79.0
1372,1327,190.0
1372,1371,114.0
1372,1373,189.0
1373,1372,67.0
1373,1374,96.0
1373,1378,96.0
1378,1318,78.0
1378,1379,69.0
1378,9235,78.0
1318,1319,94.0
1318,1326,135.0
1318,1378,135.0
1318,2111,72.0
1318,106815,94.0
106815,106816,88.0
106816,1208,107.0
106816,1321,168.0
106816,1376,168.0
1376,1322,133.0
1322,319,60.0
1322,1827,60.0
102,103,131.0
102,3857,115.0
1323,1320,117.0
1323,1324,195.0
1323,2553,255.0
1324,1319,70.0
1324,1325,69.0
1325,1318,111.0
1325,1375,111.0
1325,2111,111.0
1375,1319,81.0
1375,1326,137.0
1375,1374,137.0
1375,1378,137.0
1375,1436,137.0
1375,106815,82.0
1436,1375,101.0
1436,1379,60.0
1379,1378,94.0
1379,1380,79.0
1379,1436,94.0
1380,1327,189.0
1380,1371,127.0
1380,1379,189.0
1380,1381,93.5
1381,1370,190.0
1381,1372,68.0
1381,1380,158.0
1370,1369,78.0
1370,1371,186.0
1370,1381,222.0
1370,1382,80.0
1370,1432,80.0
1432,1369,81.0
1369,1370,113.0
1369,1382,112.0
1369,1384,106.0
1369,1399,187.0
1369,1400,107.0
1369,2991,106.0
1384,1367,273.0
1385,1386,60.0
1387,1388,60.0
1387,3017,77.0
1387,3038,76.0
1388,1409,66.0
1388,1410,60.0
1409,1388,60.0
1409,1390,60.0
1390,1391,60.0
1391,1392,63.0
1392,1393,60.0
1393,1394,60.0
1394,1395,60.0
1394,1405,60.0
1395,1396,60.0
1396,1397,60.0
1397,1398,74.0
1397,1429,60.0
1429,1399,60.0
1429,1400,101.0
1399,1369,103.0
1399,1383,102.0
1399,1398,113.0
1399,1401,112.0
1321,1322,129.0
1412,1413,60.0
1413,1414,60.0
1414,1396,60.0
1400,1369,91.0
1400,1383,92.0
1400,1398,75.0
1400,1401,111.0
1401,1400,99.0
1401,1402,90.0
1401,1574,90.0
1401,1635,90.0
1402,1401,70.0
1402,1403,162.0
1402,2327,162.0
1402,2339,162.0
1403,1404,60.0
1403,1415,60.0
1404,1394,60.0
1405,1406,60.0
1406,1407,60.0
1407,1408,60.0
1408,1409,65.0
1410,2173,60.0
2173,2174,60.0
1415,1416,60.0
1416,1412,60.0
1326,1327,81.0
1327,1328,105.0
1327,2347,104.0
1328,1329,60.0
1328,5020,60.0
1329,1330,105.0
1329,2354,106.0
1330,1331,87.0
1331,1332,115.0
1332,2178,87.0
2178,1334,60.0
2178,2179,60.0
1334,1335,100.0
1335,1336,182.0
1336,1337,153.0
1337,1338,60.0
1338,1339,126.0
1339,1305,80.0
1339,1340,68.0
1339,2383,68.0
1340,1341,62.0
1340,2279,61.0
1340,2286,60.0
1340,2287,79.0
1341,1342,60.0
1342,1229,74.0
1342,1343,75.0
1343,1344,60.0
1344,1345,60.0
1345,1346,60.0
1346,1347,65.0
1347,1348,60.0
1348,1349,60.0
1349,1350,60.0
1350,1351,60.0
1351,1352,113.0
1352,1353,62.0
1278,1279,60.0
1353,1354,91.0
1279,1280,60.0
1354,1355,70.0
1280,1281,73.0
1355,1356,60.0
1281,1282,69.0
1356,1357,60.0
1282,1283,97.0
1357,1358,60.0
1283,1284,60.0
1358,1359,60.0
1284,1285,80.0
1359,1360,65.0
1285,1286,66.0
1360,1361,78.0
1286,1287,60.0
1361,1362,60.0
1287,1288,71.0
1362,1363,103.0
1288,1289,60.0
1363,1364,71.0
1289,1290,60.0
1364,1278,69.0
1290,1291,79.0
1291,1292,88.0
1292,1293,60.0
1293,1294,126.0
1294,1295,60.0
1295,1296,65.0
1296,1297,60.0
1297,1298,63.0
1298,1299,64.0
1299,1300,60.0
1300,1301,60.0
1301,1302,60.0
1302,1303,71.0
1303,1304,60.0
1303,1339,79.0
1303,2278,81.0
1303,2279,63.0
1303,2287,79.0
1305,1306,99.0
1306,1307,117.0
1307,1308,60.0
1308,1309,138.0
1308,3280,139.0
1309,1310,194.0
1310,1311,81.0
1311,1312,60.0
1312,1313,90.0
1313,1314,128.0
1314,1315,78.0
1315,1316,96.0
1316,1317,60.0
1316,1372,60.0
1316,1380,60.0
1317,1318,103.0
1585,1586,60.0
1586,1587,233.0
1587,1588,142.0
1588,1589,120.0
1589,1590,96.0
1590,1591,136.0
1591,1592,156.0
1592,1593,66.0
1593,1594,60.0
1594,1519,117.0
1519,1520,60.0
1520,1521,163.0
1521,1522,90.0
1522,1523,64.0
1523,1524,72.0
1524,1417,220.0
1524,1566,220.0
1566,1567,60.0
1566,2738,60.0
1566,3463,60.0
4568,1527,60.0
4568,2065,82.0
4568,2738,60.0
1527,1528,90.0
1528,1529,214.0
1529,1530,70.0
1530,1531,64.0
1531,1532,86.0
1532,1533,167.0
1532,1595,166.0
1532,3367,166.0
1595,1596,60.0
1596,1597,124.0
1597,1598,60.0
1598,1599,80.0
1599,1600,136.0
1600,1601,141.0
1601,1602,96.0
1602,1603,116.0
1603,1604,140.0
5732,213,83.0
1803,1804,60.0
1804,141,60.0
1804,1800,137.0
1804,1803,76.0
1800,1799,95.0
1800,1801,60.0
1800,1804,60.0
1800,1805,76.0
1805,1800,60.0
1805,1806,60.0
1806,1797,60.0
1806,1805,65.0
1806,1807,60.0
1797,1796,65.0
1797,1798,60.0
1797,1808,66.0
1808,1807,153.0
1808,1809,60.0
1808,3580,60.0
1809,3139,150.0
1809,106476,60.0
106476,1795,60.0
106476,106477,108.0
106477,1810,60.0
106477,106476,75.0
1810,1811,60.0
1811,1812,74.0
1812,1813,60.0
1812,3826,60.0
1813,794,105.0
1813,795,83.5
1813,1814,187.0
1813,3127,60.0
1814,795,85.0
1815,1787,130.0
1815,1816,130.0
1815,3806,130.0
1787,1786,63.0
1787,1788,60.0
1786,1787,83.0
1786,1818,60.0
1818,1819,79.0
1819,441,109.0
1819,1820,143.0
1820,1819,60.0
1820,1821,110.0
1821,1820,60.0
1821,1822,60.0
1822,1821,103.0
1822,1823,60.0
1822,3176,60.0
1823,1822,65.0
1823,1824,80.0
1823,1966,80.0
1824,1825,60.0
1825,106,114.0
1826,1439,60.0
1826,1777,79.0
1826,1827,84.0
1827,107,147.0
1827,319,60.0
1827,1777,64.0
1827,1828,63.0
1828,319,60.0
6307,1041,60.0
6307,1645,60.0
6307,6308,60.0
1645,5844,77.0
1645,5847,60.0
1652,1032,138.0
1658,939,158.0
1661,1662,144.0
1662,943,76.0
1667,947,90.0
1671,730,100.0
1637,1638,172.0
1637,1642,172.0
1642,1204,75.0
1642,1643,69.0
1642,3212,75.0
460,107,69.0
460,322,70.0
460,349,70.0
460,461,92.0
460,1677,92.0
460,1826,92.0
460,2551,101.0
1677,462,66.0
462,320,78.0
462,461,76.0
462,463,172.0
462,1640,172.0
462,1713,78.0
462,3100,60.0
462,3173,133.0
463,464,138.0
463,467,377.0
463,1680,139.0
463,1711,95.0
1680,409,106.0
409,408,142.0
409,410,72.0
409,440,199.0
409,464,144.0
409,1641,142.0
409,3136,72.0
410,409,124.0
410,411,157.0
411,410,100.0
411,412,123.0
411,1683,124.0
1683,3211,60.0
3211,437,137.0
3211,438,107.0
437,413,173.0
437,415,110.0
437,456,198.0
437,1685,110.0
1685,436,174.0
436,415,132.0
436,435,110.0
436,454,110.0
436,2167,119.0
436,3030,110.0
454,416,60.0
454,418,125.0
418,419,60.0
418,1749,60.0
418,4387,60.0
4387,420,75.0
4387,432,76.0
4387,1689,75.0
4387,1767,67.0
1689,1690,128.0
1690,422,60.0
422,421,60.0
422,423,106.0
422,429,60.0
429,424,60.0
429,428,66.0
429,430,60.0
424,423,60.0
424,427,60.0
424,1694,60.0
1694,428,90.0
1694,450,60.0
450,1694,60.0
450,3555,91.0
428,427,60.0
428,429,60.0
430,429,98.0
430,431,63.0
430,1699,63.0
1699,1700,60.0
1700,419,60.0
419,420,65.0
419,432,60.0
419,433,60.0
419,3513,60.0
433,1702,60.0
1702,435,63.0
1702,454,63.0
1702,3030,63.0
3030,418,80.0
3030,1704,69.0
1704,1705,66.0
1704,2167,139.0
1705,414,89.0
1705,437,101.0
456,437,105.0
456,438,90.0
438,413,98.0
438,439,88.0
438,3242,97.0
439,438,124.0
439,440,93.0
440,409,125.0
440,439,158.0
440,106812,125.0
464,409,95.0
464,463,193.0
464,3366,194.0
1711,462,76.0
1713,321,60.0
1638,1204,71.5
1638,1643,77.0
1638,6250,72.0
1643,41,74.0
1643,736,74.0
1721,729,93.0
1721,950,91.0
1724,304,89.0
1728,1729,222.0
1729,957,75.0
1731,959,135.0
1733,1036,150.0
1733,1734,150.0
1734,1037,194.0
1739,1051,82.0
1739,6285,118.0
1777,319,60.0
1777,1828,61.0
1778,1779,74.0
1779,1780,129.0
1780,324,74.0
1780,1781,60.0
1781,1780,60.0
1781,1782,143.0
1782,1781,60.0
1782,1783,60.0
1783,1782,83.0
1783,1784,60.0
1783,3363,151.0
1784,406,82.0
1784,1783,117.0
1784,1785,82.0
1785,1786,113.0
1785,1817,113.0
1817,1816,87.0
1817,1818,60.0
1816,1788,60.0
1816,1817,64.0
1788,793,80.0
1788,796,63.0
1789,1789,64.0
1789,1790,60.0
1789,1833,64.0
1789,3122,64.0
1789,3826,63.0
461,106,134.0
461,321,60.0
461,460,60.0
461,462,60.0
461,1639,66.0
461,2230,135.0
1639,1640,213.0
1639,3100,75.0
1790,1791,79.0
1640,467,380.0
1640,1641,133.0
1791,1792,707.0
1791,1834,67.0
1641,409,106.0
1641,1640,194.0
1792,3137,93.0
1792,106477,70.0
1795,1796,175.0
412,411,83.0
412,413,105.0
412,456,105.0
412,3276,84.0
1796,1797,147.0
1796,1807,60.0
1796,1809,60.0
1796,3140,60.0
1796,3530,60.0
413,412,109.0
413,414,84.0
413,437,88.0
413,438,110.0
413,3067,84.0
1807,1798,156.0
1807,1806,60.0
1807,1808,65.0
1807,8608,65.0
1798,1797,60.0
1798,1799,65.0
1799,1798,60.0
1799,1800,60.0
1799,106819,60.0
106819,1801,60.0
1801,1800,74.0
1801,1802,94.0
1801,5728,172.0
1802,1801,60.0
1749,433,106.0
1749,1750,64.0
1749,1767,62.0
1750,419,62.0
1750,1749,62.0
1750,1751,103.0
1750,3757,103.0
3757,1752,62.0
1752,1751,60.0
1752,1753,66.0
1753,1752,68.0
1753,1754,60.0
1754,1753,80.0
1754,3758,68.0
3758,1754,126.0
3758,1756,80.0
3758,1763,128.0
1756,1757,127.0
1756,1760,126.0
1756,3429,126.5
1756,3758,60.0
1757,1756,60.0
1757,1758,60.0
1758,1757,60.0
1758,1760,60.0
1760,1758,60.0
1760,1761,60.0
1761,1760,137.0
1761,1762,60.0
1761,3429,137.0
1761,3758,60.0
1762,1761,76.0
1762,1763,137.0
1763,1762,62.0
1763,1764,75.0
1764,1763,60.0
1764,3755,63.0
3755,1751,60.0
3755,1764,60.0
3755,3484,60.0
1751,1750,66.0
1751,1752,62.0
1751,1767,60.0
1751,3755,60.0
1767,419,60.0
1767,1749,60.0
1767,1751,107.0
1767,3756,60.0
435,416,60.0
435,436,60.0
435,466,131.0
435,1704,60.0
416,415,125.0
416,454,112.0
416,1705,128.0
416,3206,128.0
415,414,113.0
415,416,175.0
415,436,174.0
415,437,110.0
414,413,174.0
414,415,109.0
414,3211,174.0
106812,408,144.0
106812,464,145.0
1835,1811,60.0
1833,1832,87.0
1832,1249,60.0
1831,1830,210.0
1830,1814,60.0
1382,1369,80.0
1382,1371,107.0
1382,1381,144.0
1382,1383,80.0
1382,2892,143.0
1382,2982,79.0
1574,1401,90.0
1574,1575,82.0
1574,1634,82.0
1575,1574,129.0
1575,1576,91.0
1575,1635,87.0
1576,1575,100.0
1576,1577,126.0
1576,3012,100.0
1577,1576,169.0
1577,1578,100.0
1577,3045,83.0
1578,1577,83.0
1578,1632,86.0
1578,3008,169.0
3008,1422,84.0
3008,1571,83.0
3008,1578,107.0
1422,1423,87.0
1422,1581,107.0
1422,3008,88.0
1581,1422,119.0
1581,1582,88.0
1582,1568,117.0
1582,1570,100.0
1582,1581,98.0
1582,1583,115.0
1583,1567,98.0
1583,1582,64.0
1583,2738,98.0
1583,2745,64.0
2738,1568,98.0
2738,1583,88.0
2738,4568,65.0
1533,1534,111.0
1534,1535,111.0
1535,1536,422.0
1536,1537,111.0
1537,1538,177.0
1538,1539,143.0
1539,1540,60.0
1540,1541,60.0
1541,1542,60.0
1542,1543,70.0
1543,1544,62.0
1544,1545,85.0
1545,1546,442.0
1546,1504,232.0
1504,1505,150.0
1504,1547,83.0
1547,1636,158.0
1451,1452,60.0
1636,1549,109.0
1452,1451,180.0
1452,1453,65.0
1549,1550,60.0
1453,1452,186.0
1453,1454,180.0
1550,1551,130.0
1454,1453,107.0
1454,1455,185.0
1551,1552,65.0
1455,1454,60.0
1455,1456,108.0
1552,1553,109.0
1456,1455,79.0
1456,1457,60.0
1553,1554,91.0
1457,1456,156.0
1457,1458,78.0
1554,1555,93.0
1458,1457,87.0
1458,1459,157.0
1555,1556,101.0
1459,1460,81.0
1556,1557,417.0
1460,1461,60.0
1460,1565,96.0
1557,1492,119.0
1461,1460,73.0
1461,1462,96.0
1492,1491,145.0
1492,1493,155.0
1492,1629,145.0
1462,1461,60.0
1462,1463,73.0
1491,1490,156.0
1491,1492,69.0
1463,1462,60.0
1463,1464,60.0
1490,1489,71.0
1490,1491,64.0
1490,1629,65.0
1464,1463,60.0
1464,1465,60.0
1489,1488,65.0
1489,1490,129.0
1465,1464,64.0
1465,1466,60.0
1488,1487,129.0
1488,1489,112.0
1466,1465,118.0
1466,1467,64.0
1487,1486,111.0
1487,1488,247.0
1467,1466,72.0
1467,1468,118.0
1486,1485,248.0
1486,1487,81.0
1468,1467,93.0
1468,1469,72.0
1485,1486,135.0
1485,1558,81.0
1469,1468,186.0
1469,1470,93.0
1558,1559,133.0
1470,1469,60.0
1470,1471,186.0
1559,1560,60.0
1471,1470,87.0
1471,1472,60.0
1560,1481,78.0
1472,1471,60.0
1472,1473,87.0
1481,1482,109.0
1481,1561,134.0
1473,1472,159.0
1473,1474,60.0
1561,1479,105.0
1474,1475,145.0
1479,1480,61.0
1479,1562,76.0
1475,1476,87.0
1562,1477,64.0
1476,1477,76.0
1476,1563,81.0
1476,1628,82.0
1477,1476,90.0
1477,1478,81.0
1478,1479,94.0
1563,1564,60.0
1564,1473,75.0
1480,1481,71.0
1482,1483,132.0
1483,1484,78.0
1484,1485,60.0
1493,1494,140.0
1494,1495,126.0
1565,1458,60.0
1495,1496,413.0
1496,1497,105.0
1497,1498,89.0
1498,1499,89.0
1499,1500,109.0
1500,1501,70.0
1501,1630,131.0
1630,1503,60.0
1503,1504,114.0
1505,1506,80.0
1506,1507,243.0
1507,1508,435.0
1508,1509,88.0
1509,1510,130.0
1510,1511,60.0
1511,1512,60.0
1512,1513,196.0
1513,1514,179.0
1514,1515,119.0
1515,1516,118.0
1516,1517,202.0
1517,1518,136.0
1518,1519,68.0
1568,1447,63.0
1568,1567,100.0
1568,1582,60.0
1447,1581,96.0
1423,1422,87.0
1423,1571,87.0
1423,1578,104.0
1423,3045,106.0
1632,1426,169.0
1632,1576,168.0
1632,3045,85.0
1635,1398,92.0
1635,1429,92.0
1635,1634,84.0
1398,1399,83.0
1398,1574,105.0
1398,1635,103.0
1634,1426,94.0
1634,1576,94.0
1634,1635,142.0
1634,2157,92.0
1634,2878,94.0
1426,1577,138.0
1426,1632,138.0
1426,1634,83.0
1426,8821,138.0
3045,1423,170.0
3045,1632,86.0
3045,3008,170.0
1571,1423,84.0
1571,1570,106.0
1570,1571,116.0
1570,1582,84.0
1567,1566,60.0
1567,1568,85.0
1567,4568,60.0
1605,1606,60.0
1606,1605,60.0
1606,1607,62.0
1607,1606,62.0
1607,1608,60.0
1608,1607,76.0
1608,1609,62.0
1609,1608,80.0
1609,1610,76.0
1610,1609,147.0
1610,1611,80.0
1611,1610,231.0
1611,1612,147.0
1612,1611,63.0
1612,1613,231.0
1613,1612,75.0
1613,1614,63.0
1614,1613,61.0
1614,1615,75.0
1615,1614,131.0
1615,1616,62.0
1616,1615,156.0
1616,1617,131.0
1617,1616,60.0
1617,1618,155.0
1618,1617,111.0
1618,1619,60.0
1619,1618,163.0
1619,1620,111.0
1620,1619,141.0
1620,1621,163.0
1621,1620,165.0
1621,1622,141.0
1622,1621,60.0
1622,1623,166.0
1623,1622,60.0
1623,1624,60.0
1624,1623,73.0
1624,1625,60.0
1625,1624,159.0
1625,1626,72.0
1626,1625,151.0
1626,1627,159.0
1627,1626,60.0
1627,1628,151.0
1629,1490,154.0
1629,1492,70.0
1628,1476,60.0
1628,1627,75.0
1915,401,92.0
1915,1916,110.0
1916,1915,60.0
1916,1917,80.0
1916,4485,90.0
1917,1918,123.0
1918,1919,60.0
1919,1920,60.0
1920,1921,60.0
1921,1922,60.0
1922,1923,60.0
1922,1934,60.0
1923,1924,71.0
1924,1925,60.0
1925,196,60.0
1926,226,126.0
1926,1927,60.0
1927,1928,126.0
1928,200,60.0
1930,1926,60.0
1931,1932,100.0
1932,1933,60.0
1933,1922,71.0
1934,1935,60.0
1935,1936,60.0
1936,1937,60.0
1937,1938,60.0
1938,1939,60.0
1939,1940,107.0
1939,4500,90.0
1940,447,87.0
1940,1939,60.0
1948,1949,60.0
1949,1950,60.0
1950,1951,60.0
1950,4839,60.0
1951,7784,90.0
7784,7936,60.0
7936,7937,88.0
7936,8202,88.0
1962,121,60.0
1962,449,60.0
1962,1963,114.0
1962,106880,60.0
1963,3165,60.0
3165,3166,70.0
3165,8042,71.0
3166,1990,60.0
3166,5033,60.0
1966,105,60.0
1966,347,90.0
1966,349,60.0
1954,105,120.0
1954,324,94.0
1954,1780,95.0
1955,1956,73.0
1955,3178,78.0
1956,1957,89.0
1957,491,60.0
1957,1990,60.0
1959,1960,64.0
1960,1961,60.0
1961,331,60.0
1961,1962,60.0
8343,1953,60.0
1953,1952,122.0
1953,7885,96.0
1953,9299,122.0
7885,7886,66.0
7886,8349,99.0
8349,1946,65.0
8349,1950,66.0
1946,1947,60.0
1836,1837,60.0
1836,4687,60.0
1837,1836,75.0
1837,1838,60.0
1838,1836,124.0
1838,1837,152.0
1838,1839,74.0
1838,1911,73.0
1838,1913,162.0
1839,1838,60.0
1839,1840,153.0
1840,1839,119.0
1840,1841,60.0
1840,1910,60.0
1840,1911,118.0
1840,8451,60.0
1841,1840,81.0
1841,1842,118.0
1842,1841,152.0
1842,1843,81.0
1843,1842,60.0
1843,1844,152.0
1844,1843,60.0
1844,1845,60.0
1844,5324,60.0
1844,8235,60.0
1845,1846,60.0
1846,1847,89.0
1847,1848,85.0
1848,1849,195.0
1849,1850,60.0
1850,1851,174.0
1851,1852,60.0
1852,1853,72.0
1853,1854,145.0
1854,1855,106.0
1855,1856,170.0
1856,1857,102.0
1857,1858,184.0
1858,1859,242.0
1859,1860,93.0
1860,1861,86.0
1861,1862,60.0
1862,1863,92.0
1863,1864,187.0
1863,7782,70.0
1863,7787,69.0
1864,1865,110.0
1865,1866,84.0
1866,1867,75.0
1867,1868,63.0
1868,1869,60.0
1869,1870,66.0
1870,1871,60.0
1871,1872,60.0
1872,1873,120.0
1872,8327,102.0
1873,1874,87.0
1874,1875,60.0
1875,1876,60.0
1876,1877,60.0
1877,1878,62.0
1878,1879,60.0
1879,1880,60.0
1880,1881,124.0
1881,30,67.0
3246,319,60.0
398,353,112.0
353,354,60.0
354,355,76.0
355,356,129.0
356,357,60.0
357,358,60.0
358,1882,76.0
1882,360,60.0
360,361,64.0
361,362,60.0
362,1883,86.0
362,8571,86.0
1883,1884,116.0
1884,1885,60.0
1885,1886,60.0
1886,1887,60.0
1887,1888,60.0
1887,2005,60.0
1888,1889,61.0
1889,1890,81.0
1890,1891,85.0
1891,1892,285.0
1891,4851,84.0
1892,1893,166.0
1893,1894,95.0
1894,1895,60.0
1895,1896,87.0
1896,1897,90.0
1897,1898,241.0
1898,1899,185.0
1899,1900,92.0
1900,1901,174.0
1900,6117,174.0
1901,1902,151.0
1902,1903,145.0
1903,1904,71.0
1904,1905,281.0
1905,1906,80.0
1906,1907,60.0
1907,1908,194.0
1908,1909,85.0
1909,1844,89.0
1911,1838,60.0
1911,1840,162.0
1913,1838,61.0
1913,1914,73.0
1914,1912,60.0
1914,1913,60.0
1914,4696,60.0
2008,2009,60.0
2009,2008,60.0
2009,2010,63.0
2010,2011,60.0
2011,2012,60.0
2011,4479,60.0
2012,2013,64.0
2013,2014,60.0
2014,2015,60.0
2015,2016,73.0
2016,211,68.0
1979,1980,60.0
1979,8186,76.0
1980,1976,75.0
1980,1979,65.0
1976,1975,67.0
1976,1977,60.0
1976,1980,60.0
1976,1981,65.0
1981,1976,60.0
1981,1982,60.0
1982,1981,60.0
1982,1983,60.0
1983,1982,82.0
1983,1984,60.0
1984,1983,73.0
1984,1985,82.0
1985,1984,60.0
1985,1986,73.0
1986,1985,77.0
1986,1987,60.0
1987,1986,99.0
1987,1988,77.0
1988,1987,66.0
1988,1989,99.0
1989,282,65.0
1989,283,66.0
1989,1988,147.0
1990,1959,75.0
1990,3811,90.0
1967,282,89.0
1967,1968,121.0
1968,1967,96.0
1968,1969,89.0
1968,1989,96.0
1968,8096,96.0
1969,1968,76.0
1969,1970,96.0
1970,1969,64.0
1970,1971,76.0
1971,1970,72.0
1971,1972,64.0
1972,1971,81.0
1972,1973,72.0
1973,1972,60.0
1973,1974,81.0
1974,1973,63.0
1974,1975,60.0
1975,1974,60.0
1975,1976,63.0
1977,1976,75.0
1977,1978,67.0
1978,1977,60.0
2017,291,123.0
2018,2019,60.0
2019,2020,77.0
2020,2021,70.0
2021,2022,60.0
2022,2023,60.0
2023,2024,70.0
2023,8052,74.0
2024,2009,60.0
2001,2002,60.0
2002,2001,60.0
2002,2003,67.0
2003,2004,61.0
2003,8558,61.0
2004,1867,60.0
2005,2006,75.0
2006,2002,60.0
2006,4848,60.0
2111,2112,113.0
2112,2119,88.0
2112,2229,88.0
2229,2109,102.0
2229,2114,60.0
2229,4051,150.0
2114,766,96.0
2114,768,96.0
778,258,60.0
725,2106,114.0
2106,2301,77.0
2106,2303,60.0
2107,2118,156.0
2107,2229,114.0
2118,2109,60.0
2109,2110,60.0
2110,1319,112.0
2110,1375,112.0
2110,106815,112.0
2119,767,358.0
2119,2114,60.0
2104,938,144.0
2104,2116,71.0
2116,777,149.0
2116,2104,92.0
2116,2115,92.0
777,248,60.0
777,2116,90.0
777,7051,89.0
432,419,60.0
432,431,60.0
431,422,60.0
431,430,60.0
431,432,98.0
426,427,60.0
426,3556,84.0
427,424,85.0
427,426,60.0
427,428,84.0
423,422,60.0
423,424,60.0
423,428,60.0
2115,938,150.0
2115,2116,74.0
2115,6477,74.0
2025,2026,60.0
2026,2027,60.0
2027,2028,90.0
2028,2029,203.0
2029,2030,214.0
2030,2031,101.0
2031,2032,60.0
2032,2033,103.0
2033,2034,60.0
2034,2035,62.0
2035,2036,94.0
2036,2037,120.0
2037,2038,60.0
2038,2039,60.0
2039,2040,72.0
2040,2041,142.0
2041,2042,60.0
2042,2043,60.0
2043,2044,128.0
2044,2045,105.0
2045,2046,151.0
2046,2047,142.0
2047,2048,60.0
2048,2049,110.0
2049,2050,60.0
2050,2051,65.0
2051,2052,60.0
2052,2053,205.0
2053,2054,93.0
2054,2055,238.0
2055,2056,102.0
2055,2730,131.0
2730,2057,213.0
2057,2058,120.0
2058,2059,186.0
2058,2069,186.0
2059,2060,143.0
2060,2061,60.0
2061,3372,153.0
3372,2063,96.0
3372,2372,97.0
2063,1417,128.0
2063,1566,128.0
1417,1567,237.0
1417,2738,237.0
2065,2066,259.0
2065,2371,259.0
2066,2067,98.0
2067,2068,100.0
2068,2069,151.0
2068,2733,151.0
2069,2060,87.0
2069,2070,104.0
2070,2071,88.0
2071,2056,138.0
2056,2057,209.0
2056,2752,168.0
2752,2074,205.0
2752,5059,205.0
2074,2075,130.0
2075,2076,259.0
2076,2077,60.0
2076,2389,60.0
2077,2078,149.0
2078,2079,60.0
2079,2080,68.0
9235,106815,60.0
2080,2081,60.0
2081,2082,122.0
2082,2083,60.0
2083,2084,183.0
2084,2085,101.0
2085,2086,111.0
2086,2087,131.0
2087,2088,60.0
2088,2089,60.0
2089,2090,145.0
2090,2091,69.0
2091,2092,60.0
2092,2093,60.0
2093,2094,125.0
2094,2095,88.0
2095,2096,63.0
2096,2097,60.0
2097,2098,108.0
2098,2099,60.0
2099,2100,106.0
2100,2101,204.0
2101,2102,212.0
2102,2103,91.0
6263,2121,60.0
6263,6217,60.0
2121,5844,66.0
2121,7304,87.0
2121,7308,61.0
7304,2121,66.0
7304,2123,67.0
7304,6216,66.0
7304,7305,164.0
2123,2124,67.0
2123,6038,86.0
2123,7304,60.0
2124,2125,63.0
2124,2210,60.0
2124,6038,60.0
2125,2124,60.0
2125,2126,60.0
2126,2124,60.0
2126,2127,60.0
2127,2128,81.0
2128,2129,70.0
2129,2130,69.0
2130,2131,84.0
2131,2132,64.0
2132,2133,195.0
2132,5886,60.0
2133,2132,60.0
2133,2134,60.0
2133,2201,60.0
2134,2133,101.0
2134,2135,60.0
2134,2202,102.0
2134,5799,133.0
2135,2134,66.0
2135,7320,100.0
7320,2135,62.0
7320,2137,66.0
2137,2138,62.0
2137,7320,72.0
2138,2137,92.0
2138,2139,72.0
2138,7322,72.0
2139,2138,77.0
2139,2140,92.0
2139,2196,91.0
2139,2197,93.0
2140,2139,61.0
2140,2141,77.0
2141,888,61.0
2141,2140,60.0
2141,5797,64.0
932,862,91.0
932,933,86.0
2142,2143,76.0
2142,2192,109.0
2143,2142,60.0
2143,2144,138.0
2144,2143,70.0
2144,2145,60.0
2145,2144,60.0
2145,2146,69.0
2146,2145,71.0
2146,2147,60.0
2147,2146,62.0
2147,2148,71.0
2148,2147,60.0
2148,2149,62.0
2149,705,60.0
2149,2148,60.0
2149,6542,60.0
2150,2151,61.0
2151,2152,107.0
2151,4050,68.0
2152,2151,60.0
2152,2153,69.0
2153,2152,60.0
2153,2154,60.0
2154,2153,60.0
2154,2155,60.0
2155,1310,60.0
2155,2154,60.0
2157,2158,63.0
2158,2159,60.0
2159,2160,67.0
2159,2330,103.0
2159,2335,60.0
2160,1387,148.0
3038,2173,133.0
3038,3018,60.0
3018,2162,130.0
2162,2163,187.0
2163,2164,102.0
2164,2165,83.0
2165,2166,60.0
2166,416,102.0
2166,3024,102.0
3024,454,103.0
2167,2168,92.0
2168,2169,101.0
2169,2170,60.0
2170,2171,85.0
2171,3037,104.0
3037,3038,186.0
2174,2175,83.0
2175,2176,138.0
2175,2335,60.0
2175,2336,97.0
2175,2874,96.0
2175,2879,96.0
2176,2177,67.0
2177,1575,62.0
2177,3042,61.0
2179,2180,84.0
2180,2181,60.0
2181,2182,60.0
2182,2183,60.0
2183,2184,71.0
2184,748,106.0
2185,705,60.0
2185,2186,60.0
2185,6542,60.0
2186,2185,60.0
2186,2187,60.0
2187,2186,78.0
2187,2188,60.0
2188,2187,60.0
2188,2189,78.0
2189,2188,70.0
2189,2190,60.0
2190,2189,60.0
2190,2191,71.0
2191,861,60.0
2191,2190,153.0
861,889,123.0
861,2191,78.0
861,2192,124.0
2192,2193,67.0
2192,5797,60.0
2193,2192,116.0
2193,2194,66.0
2194,887,80.0
2194,2195,81.0
2195,2193,60.0
2195,2196,60.0
2196,887,94.0
2196,2139,60.0
2196,2195,93.0
2197,2139,72.0
2197,2198,91.0
2198,2197,60.0
2198,2199,72.0
2199,2198,72.0
2199,2200,60.0
2200,2134,72.0
2200,2199,99.0
2200,2201,72.0
2201,2135,60.0
2201,2200,76.0
2201,2202,99.0
2201,6149,82.0
2202,2201,60.0
2202,2203,75.0
2203,2202,220.0
2203,2204,60.0
2203,5908,60.0
2203,6282,60.0
2204,2205,190.0
2205,2206,69.0
2206,2207,83.0
2207,2208,86.0
2208,2209,60.0
2209,2210,68.0
2209,6039,107.0
2210,2126,60.0
2210,6264,60.0
2210,7302,60.0
7302,2209,69.0
7302,2210,70.0
7302,7303,60.0
7302,7309,60.0
7309,2124,82.0
7309,7308,60.0
7308,6038,60.0
7308,7305,83.0
7308,7309,60.0
7308,7449,60.0
7305,6260,60.0
7305,7308,84.0
6260,1043,76.0
6260,1044,76.0
6260,1746,61.0
6347,5154,178.0
2279,1303,113.0
2279,2280,89.0
2280,2279,105.0
2280,2281,113.0
2281,2241,104.0
2281,2280,60.0
2281,2340,104.0
2340,1169,60.0
2340,2281,60.0
1169,1168,60.0
1169,2340,60.0
1168,1167,61.0
1168,1169,80.0
1167,1166,79.0
1167,1168,60.0
1166,1165,60.0
1166,1167,60.0
1165,1164,60.0
1165,1166,60.0
1164,1163,60.0
1164,1165,60.0
1163,1162,60.0
1163,1164,60.0
1162,1161,60.0
1162,1163,60.0
1161,1162,60.0
1161,2342,60.0
2342,1159,60.0
2342,1161,60.0
1159,1158,60.0
1159,2342,84.0
1158,1157,84.0
1158,1159,83.0
1157,1158,90.0
1157,2282,83.0
2282,718,60.0
2282,1157,60.0
6935,748,60.0
6935,1182,75.0
1182,1181,60.0
1182,6935,81.0
1181,1180,81.0
1181,1182,62.0
1180,1179,63.0
1180,1181,60.0
1179,1180,60.0
1179,2243,60.0
2243,1177,60.0
2243,1179,60.0
1177,1176,60.0
1177,2243,60.0
1176,1175,60.0
1176,1177,60.0
1175,1174,60.0
1175,1176,60.0
1174,1173,60.0
1174,1175,60.0
1173,1172,60.0
1173,1174,60.0
1172,1171,60.0
1172,1173,75.0
1171,1170,75.0
1171,1172,72.0
1170,1171,60.0
1170,2244,72.0
2244,2284,60.0
2284,2285,61.0
2284,6934,101.0
2285,2284,118.0
2285,2286,102.0
2286,1303,118.0
2286,1340,118.0
2286,2285,87.0
2354,1314,81.0
2354,2355,71.0
2355,2356,79.0
2356,746,97.0
1110,747,60.0
1110,1127,60.0
2347,2348,99.0
2348,2349,60.0
2349,2350,83.0
2350,768,60.0
2287,1339,86.0
2287,2288,146.0
2288,2287,60.0
2288,2289,87.0
2289,2288,68.0
2289,2290,60.0
2290,2289,84.0
2290,2291,68.0
2291,2290,60.0
2291,2292,83.0
2292,2291,60.0
2292,2293,60.0
2293,2292,129.0
2293,2294,60.0
2294,2293,87.0
2294,2295,129.0
2295,2294,60.0
2295,2296,87.0
2296,2270,60.0
2296,2295,171.0
2269,2270,60.0
2269,6924,60.0
2270,2269,77.0
2270,2271,60.0
2271,2270,138.0
2271,2272,76.0
2272,2271,60.0
2272,2273,139.0
2273,2272,60.0
2273,2274,60.0
2274,2273,79.0
2274,2275,60.0
2275,2274,63.0
2275,2276,78.0
2276,2275,63.0
2276,2277,63.0
2277,2276,87.0
2277,2278,63.0
2278,1304,87.0
2278,2277,144.0
1304,1303,66.0
1304,1305,60.0
1304,2383,66.0
2343,2344,70.0
2344,2345,60.0
2345,2346,80.0
2346,1316,60.0
2327,1397,60.0
2327,2328,74.0
2328,2327,60.0
2328,2329,60.0
2329,2328,60.0
2329,2330,60.0
2330,2159,60.0
2330,2329,60.0
2335,2175,60.0
2335,2332,96.0
2332,2331,65.0
2332,2333,60.0
2332,2335,64.0
2333,2332,60.0
2333,2891,64.0
2333,2893,65.0
2352,2353,60.0
2353,2354,157.0
2331,2159,60.0
2331,2175,60.0
2336,2159,60.0
2336,2175,60.0
2336,2337,60.0
2337,2336,60.0
2337,2338,60.0
2338,2337,60.0
2338,2339,60.0
2339,1402,60.0
2339,2338,69.0
2383,1339,60.0
2383,2287,60.0
1208,1322,83.0
1208,1324,190.0
2367,2368,60.0
2368,2367,60.0
2368,2369,60.0
2369,2368,60.0
2369,2370,60.0
2371,2370,60.0
2371,2372,60.0
2370,2369,60.0
2370,2371,60.0
2372,1417,96.0
2241,2240,60.0
2241,2284,60.0
2240,2239,77.0
2240,2241,126.0
2239,2238,126.0
2239,2240,97.0
2238,2235,98.0
2238,2239,189.0
2235,2232,189.0
2235,2238,155.0
2232,2235,60.0
2521,2522,60.0
2522,2523,60.0
2522,3476,60.0
2523,2524,126.0
2524,2525,185.0
2525,2526,147.0
2526,2527,60.0
2527,2528,60.0
2528,2529,60.0
2529,2530,75.0
2530,2531,103.0
2531,2532,60.0
2532,2533,87.0
2533,2362,60.0
2362,2361,60.0
2361,2534,60.0
2534,2535,107.0
2535,2536,82.0
2536,2537,106.0
2536,3059,106.0
2537,2538,60.0
2538,2539,111.0
2539,2540,153.0
2540,2541,60.0
2540,3079,60.0
2541,2542,88.0
2541,2555,60.0
2542,2541,60.0
2542,2543,60.0
2543,2542,60.0
2543,2544,60.0
2544,2543,124.0
2544,2545,60.0
2545,2544,60.0
2545,2546,114.0
2546,2545,60.0
2546,2547,60.0
2547,2546,173.0
2547,106820,60.0
106820,2549,182.0
2549,106816,78.0
2550,387,60.0
2550,3857,60.0
2551,2552,537.0
2552,1323,132.0
2553,2554,471.0
2554,2548,258.0
2554,3082,219.0
2548,2547,336.0
2555,2556,95.0
2556,2557,60.0
2557,2558,139.0
2558,2559,94.0
2559,2560,60.0
2560,2561,104.0
2561,2364,82.0
2364,2363,113.0
2363,2562,60.0
2562,2563,60.0
2562,3075,60.0
2563,2564,60.0
2564,2565,88.0
2565,2566,60.0
2566,2567,99.0
2567,2568,74.0
2568,2569,60.0
2569,2570,60.0
2570,2571,60.0
2571,2572,145.0
2572,2573,186.0
408,407,420.0
408,409,103.0
408,441,160.0
408,464,104.0
2573,2574,126.0
441,408,88.0
441,442,103.0
441,2519,82.0
2574,3492,60.0
442,441,60.0
442,443,87.0
442,1819,60.0
442,5795,60.0
443,406,60.0
443,442,60.0
443,444,60.0
444,144,60.0
444,392,60.0
444,443,60.0
3317,395,132.0
376,377,84.0
376,623,60.0
376,624,62.0
376,4486,81.0
2517,129,60.0
2517,2518,60.0
2518,1277,120.0
2518,3315,104.0
403,404,60.0
403,444,60.0
406,405,144.0
406,407,60.0
406,441,60.0
2519,409,106.0
420,419,60.0
420,421,71.0
420,1749,60.0
421,420,106.0
421,422,60.0
2389,2445,213.0
2389,2851,213.0
2445,2446,154.0
2446,2447,104.0
2447,2441,135.0
2441,2442,189.0
2441,2448,113.0
2448,2449,191.0
2500,2501,60.0
2449,2450,60.0
2501,2502,75.0
2450,2451,114.0
2502,2503,96.0
2451,2452,80.0
2503,2504,87.0
2452,2976,182.0
2504,2505,86.0
2976,2454,168.0
2505,2506,141.0
2454,2455,245.0
2506,2941,109.0
2455,2456,147.0
2455,2499,147.0
2941,2942,79.0
2499,2942,60.0
2942,2498,60.0
2942,2509,60.0
2942,2942,60.0
2498,2433,60.0
2433,2434,60.0
2433,6982,60.0
2434,2435,143.0
2509,2510,95.0
2435,2436,255.0
2510,2511,100.0
2436,2437,135.0
2511,2512,138.0
2437,2438,205.0
2512,2513,91.0
2438,2439,88.0
2513,2514,84.0
2439,2440,82.0
2514,2515,97.0
2440,2441,89.0
2515,2943,73.0
2442,2443,107.0
2443,2444,133.0
2444,2386,102.0
2386,2052,168.0
1374,1318,67.0
1374,1373,79.0
1374,1375,67.0
1374,1379,80.0
2877,107,60.0
2880,2881,60.0
2881,2880,60.0
2881,2882,66.0
2882,2881,87.0
2882,2883,60.0
2883,2882,148.0
2883,2884,120.0
2884,2883,102.0
2884,2885,148.0
2885,2884,70.0
2885,2886,99.0
2886,2885,94.0
2886,2887,71.0
2887,2886,60.0
2887,2888,93.0
2888,2887,75.0
2888,2889,60.0
2889,2888,68.0
2889,2890,78.0
2890,2889,78.0
2890,2891,63.0
2891,2333,80.0
2891,2890,60.0
2878,1575,77.0
2878,2879,117.0
2879,2159,76.0
2879,2878,60.0
2874,2875,60.0
2875,1634,73.0
2893,2894,60.0
2894,2895,76.0
2895,2896,64.0
2896,2897,80.0
2897,2898,60.0
2898,2899,90.0
2899,2900,74.0
2900,2901,97.0
2901,2902,151.0
2902,2903,86.0
2903,2904,60.0
2596,2597,60.0
2597,2598,60.0
2598,2599,73.0
2599,2600,110.0
2600,2601,84.0
2601,2687,60.0
2687,2603,60.0
2603,2604,90.0
2604,2605,144.0
2605,2780,91.0
2780,2607,60.0
2607,2809,100.0
2809,2609,84.0
2609,2610,240.0
2610,2611,111.0
2611,2697,64.0
2697,2698,123.0
2698,2614,142.0
2614,2615,182.0
2615,2616,243.0
2616,2702,163.0
2702,2618,113.0
2618,2619,218.0
2619,2705,134.0
2705,2620,179.0
2620,2621,61.0
2621,2708,76.0
2708,2709,138.0
2709,2624,180.0
2624,2711,60.0
2711,2626,231.0
2626,2432,91.0
2432,2433,130.0
2456,2457,153.0
2456,2759,155.0
2759,2629,127.0
2629,2630,89.0
2630,2762,239.0
2762,2632,60.0
2632,2633,163.0
2633,2634,152.0
2634,2766,71.0
2766,2635,65.0
2635,2636,175.0
2636,2769,132.0
2769,2638,227.0
2638,2639,106.0
2639,2640,169.0
2640,2773,235.0
2773,2642,180.0
2642,2643,149.0
2643,2644,119.0
2644,2645,68.0
2645,2778,108.0
2778,2647,200.0
2647,2648,119.0
2648,2649,101.0
2649,2650,60.0
2650,2783,70.0
2783,2652,141.0
2652,2785,112.0
2785,2654,60.0
2654,2655,60.0
2655,2656,85.0
2656,2657,105.0
2657,2658,66.0
2390,2391,60.0
2391,2392,86.0
2392,2393,98.0
2393,2394,111.0
2394,2395,60.0
2395,2396,154.0
2396,2397,82.0
2397,2398,60.0
2398,2399,220.0
2399,2400,186.0
2400,2401,165.0
2401,2402,87.0
2402,2403,60.0
2403,5174,74.0
5174,2405,60.0
5174,5175,60.0
2405,2406,60.0
2406,2407,269.0
2406,5179,60.0
2407,2408,396.0
2408,2409,87.0
2409,2410,67.0
2410,2411,63.0
2411,2412,301.0
2412,2413,137.0
2413,2414,222.0
2414,2415,85.0
2415,2416,201.0
2416,2417,205.0
2417,2418,224.0
2418,2419,118.0
2419,2420,78.0
2420,2421,92.0
2421,2422,60.0
2422,2423,164.0
2423,2424,87.0
2424,2425,123.0
2425,2426,136.0
2426,2427,79.0
2427,2428,114.0
2427,2461,197.0
2428,2429,198.0
2429,2430,67.0
2430,2431,130.0
2431,2432,91.0
2457,2458,89.0
2458,2459,93.0
2459,2460,130.0
2460,2427,69.0
2461,2462,119.0
2462,2463,73.0
2463,2464,136.0
2464,2465,126.0
2465,2466,88.0
2466,2467,162.0
2467,2468,60.0
2468,2469,91.0
2469,2470,76.0
2470,2471,277.0
2471,2472,65.0
2472,2473,204.0
2473,2474,175.0
2474,2475,111.0
2475,2476,220.0
2476,2477,133.0
2477,2478,309.0
2478,2479,61.0
2479,2480,69.0
2480,2481,81.0
2481,2482,398.0
2481,5263,60.0
2482,2483,269.0
2483,2484,60.0
2484,2485,60.0
2485,2486,74.0
2486,2487,60.0
2487,2488,77.0
2488,2489,200.0
2489,2490,156.0
2490,2491,221.0
2491,2492,60.0
2492,2493,80.0
2493,2494,157.0
2494,2495,60.0
2495,2496,112.0
2496,2497,102.0
2977,2978,60.0
2978,2979,84.0
2979,2980,77.0
2980,2981,94.0
2981,2892,60.0
2982,2983,233.0
2983,2984,60.0
2984,2985,97.0
2985,2986,72.0
2991,2992,68.0
2992,2988,60.0
2992,106821,60.0
106821,2998,60.0
2998,2999,60.0
2999,3000,129.0
3000,3001,77.0
3001,3002,72.0
3002,3003,60.0
3003,3284,60.0
3284,3285,60.0
3285,3281,85.0
3281,3280,67.0
3281,8800,102.0
8807,8800,60.0
8800,3283,60.0
3283,2995,75.0
2995,2996,60.0
2996,2997,84.0
2997,2988,60.0
2988,2989,73.0
2988,2998,146.0
2989,2990,97.0
2990,1369,60.0
2990,1383,60.0
3012,2157,118.0
3017,3018,60.0
3042,1426,60.0
3055,3056,60.0
3056,3057,65.0
3057,3058,60.0
3058,2533,60.0
3079,2555,164.0
3079,3080,90.0
3080,2549,166.0
1439,1323,86.0
1320,1376,234.0
1320,2554,61.0
3082,3079,140.0
3075,3076,60.0
3076,3077,60.0
3077,3078,60.0
3067,3068,63.0
3068,3069,208.0
3069,3070,110.0
3070,3071,60.0
3071,3072,60.0
3071,3198,60.0
3072,3073,78.0
3073,3074,166.0
3074,2559,68.0
3059,3060,86.0
3060,3061,62.0
3061,3062,161.0
3062,3063,88.0
3063,3064,60.0
3064,3065,60.0
3065,3066,110.0
3066,3211,209.0
5173,5174,60.0
5175,5176,65.0
5176,5177,60.0
5177,5178,82.0
5177,5265,91.0
5178,2406,93.0
5179,2481,61.0
5179,5180,60.0
5180,5181,314.0
5181,5182,86.0
5182,5183,112.0
5183,5184,129.0
5184,2817,178.0
2817,5185,114.0
2817,5257,118.0
5185,2819,115.0
2819,2820,199.0
2820,5186,296.0
5186,2822,197.0
5186,5187,197.0
2822,2823,68.0
2823,2831,224.0
2831,2825,88.0
2831,2868,72.0
2831,5188,75.0
2825,2830,74.0
2825,2865,72.0
2830,2829,438.0
2830,2864,347.0
2830,6992,96.0
2829,2828,275.0
2829,2830,70.0
2829,2865,68.0
2829,2866,275.0
2866,2829,79.0
2866,106732,79.0
106732,2828,69.0
106732,2865,73.0
2865,2829,484.0
2865,2864,298.5
2865,7037,60.0
2864,2831,604.0
2864,2863,604.0
2864,2865,190.0
2864,5188,440.0
5188,2833,60.0
5188,5189,116.0
2833,2834,60.0
2834,2835,139.0
2834,5252,183.0
2835,2834,329.0
2835,2836,183.0
2836,2835,176.0
2836,2837,118.0
2837,2836,86.0
2837,2838,387.0
2838,2837,113.0
2838,2839,86.0
2839,2840,115.0
2840,2841,157.0
2841,2842,60.0
2841,2859,95.0
2842,2843,72.0
2843,2844,93.0
2844,9068,224.0
9068,2846,80.0
2846,2847,66.0
2847,2848,109.0
2848,2849,80.0
2849,2850,72.0
2849,2852,65.0
2850,2386,61.0
1319,1320,202.0
1319,1375,101.0
2851,2849,123.0
2852,2853,100.0
2853,2854,85.0
2854,2855,69.0
2855,2856,77.0
2856,2857,74.0
2857,2858,177.0
2858,2841,119.0
2859,2860,107.0
2860,2838,70.0
5252,2862,60.0
5252,5253,177.0
5252,7036,181.0
2862,2863,124.0
2863,2825,73.0
2863,2864,72.0
2863,2868,71.0
2868,2869,89.0
2869,5254,225.0
5254,5255,65.0
5255,2872,194.0
2872,5256,302.0
5256,2817,194.0
5257,5258,110.0
5258,5259,315.0
5259,5260,111.0
5260,5261,60.0
5261,5179,302.0
5261,5262,302.0
5263,5177,60.0
5263,5264,60.0
5265,5266,73.0
5266,5267,60.0
5267,5173,63.0
5267,5268,64.0
3121,3110,60.0
3121,3151,60.0
3121,3983,60.0
3151,3109,60.0
3151,3150,60.0
3150,3151,60.0
3150,3152,60.0
3152,3153,60.0
3153,3154,60.0
3154,3155,60.0
3155,3156,60.0
3156,3157,60.0
3157,3143,60.0
3143,3144,60.0
3143,3158,98.0
3158,3141,60.0
3141,3140,60.0
3141,3142,319.0
3140,1796,118.0
3140,3141,60.0
3139,1795,60.0
3139,3161,158.5
3139,3821,60.0
3161,3162,60.0
3162,1810,104.0
3826,1790,98.0
3826,1813,104.0
2905,2906,60.0
2906,2907,60.0
2907,2908,146.0
2908,2909,107.0
2908,2974,114.0
2909,2910,112.0
2910,2911,60.0
2943,2944,139.0
2911,2912,237.0
2944,2945,92.0
2912,2913,101.0
2945,2946,120.0
2913,2914,161.0
2946,2947,132.0
2914,2915,77.0
2914,2969,355.0
2947,2948,60.0
2915,2916,349.0
2948,2949,271.0
2916,2917,226.0
2949,2950,241.0
2917,2918,100.0
2950,2951,60.0
2918,2919,72.0
2951,2952,60.0
2919,2920,161.0
2952,2953,98.0
2920,2921,99.0
2953,2954,68.0
2921,2922,207.0
2954,2955,60.0
2922,2923,123.0
2955,2956,60.0
2923,2924,310.0
2956,2957,60.0
2924,2925,60.0
2957,2958,60.0
2925,2926,118.0
2958,2959,79.0
2926,2927,81.0
2959,2960,118.0
2927,2928,60.0
2960,2961,60.0
2928,2929,60.0
2961,2962,310.0
2929,2930,60.0
2962,2963,126.0
2930,2931,60.0
2963,2964,208.0
2931,2932,68.0
2964,2965,100.0
2932,2933,97.0
2965,2966,153.0
2933,2934,60.0
2966,2967,76.0
2934,2935,60.0
2967,2968,100.0
2935,2936,237.0
2968,2914,221.0
2936,2937,264.0
2937,2938,60.0
2969,2970,76.0
2938,2939,137.0
2970,2971,166.0
2939,2940,113.0
2971,2972,99.0
2940,2500,98.0
2972,2973,236.0
2973,2908,60.0
2974,2975,106.0
2975,2905,131.0
3137,3138,60.0
3138,3139,117.0
3142,3143,60.0
3144,3145,96.0
3145,3146,60.0
3146,3147,60.0
3147,3148,77.0
3148,3149,60.0
3149,3150,60.0
3109,3110,82.0
3109,3979,82.0
3206,436,60.0
3206,3207,118.0
3207,3208,60.0
3208,3209,74.0
3209,3210,104.0
3210,3181,106.0
3181,3182,72.0
3182,3183,100.0
3183,3184,60.0
3184,3185,60.0
3185,3186,60.0
3186,3187,60.0
3187,3188,84.0
3188,3062,60.0
3198,3199,60.0
3199,3200,64.0
3200,3201,69.0
3201,3202,60.0
3202,3203,60.0
3203,3204,60.0
3204,3205,60.0
3205,3213,101.0
3213,3214,73.0
3214,3215,103.0
3215,3216,86.0
3216,3206,86.0
3167,3168,89.0
3167,3178,60.0
3168,3167,84.0
3168,106822,60.0
106822,3169,60.0
106822,3177,60.0
3169,3170,60.0
3170,3171,60.0
3171,3172,60.0
3172,462,76.0
3100,106,100.0
3100,2230,145.0
3173,3174,195.0
3174,3175,60.0
3175,3176,60.0
3176,3168,60.0
3176,106822,81.0
3177,3167,60.0
3178,1957,60.0
3217,3218,60.0
3218,3219,60.0
3218,3264,74.0
3219,3220,70.0
3219,3221,70.0
3220,3221,60.0
3220,3263,60.0
3221,3222,60.0
3221,3539,66.0
3222,3223,84.0
3222,3262,60.0
3222,3572,111.0
3223,3224,60.0
3224,3225,60.0
3225,3226,75.0
3226,3227,71.0
3226,3649,71.0
3227,3228,86.0
3228,3229,60.0
3229,3230,60.0
3229,3256,123.0
3230,3229,60.0
3230,3231,122.0
3231,3230,64.0
3231,3232,60.0
3232,3231,97.0
3232,3254,64.0
3254,3232,60.0
3254,106823,97.0
106823,3128,60.0
106823,3254,60.0
3128,3129,60.0
3128,106823,151.0
3129,3128,73.0
3129,3130,149.0
3130,3088,73.0
3130,3129,60.0
3088,3087,67.0
3088,3089,60.0
3089,3088,76.0
3089,3090,67.0
3089,3105,78.0
3089,3107,82.0
3090,3089,121.0
3090,3091,76.0
3091,3090,60.0
3091,3092,76.0
3092,3091,66.0
3092,3093,60.0
3092,5380,68.0
3093,3092,97.0
3093,3094,66.0
3093,3123,66.0
3094,3101,103.0
3101,3096,92.0
3096,3097,60.0
3097,3135,89.0
3135,3099,99.0
3135,3131,67.0
3099,409,69.0
3136,3135,126.0
3131,3132,133.0
3132,3095,60.0
3095,3134,60.0
3134,3102,95.0
3102,3103,96.0
3102,3126,67.0
3103,3102,60.0
3103,3104,68.0
3103,5382,60.0
3104,3103,66.0
3104,3105,60.0
3105,3089,65.0
3105,3104,82.0
3105,5381,82.0
3107,3089,78.0
3107,3108,77.0
3107,3130,71.0
3256,3257,60.0
3257,3258,60.0
3258,3259,91.0
3259,3260,78.0
3260,3261,69.0
3261,3222,60.0
3262,3220,78.0
3262,3263,78.0
3263,3218,60.0
3263,3666,69.0
3264,3218,60.0
3265,3266,60.0
3266,3265,60.0
3266,3267,60.0
3267,3266,76.0
3267,3268,60.0
3268,3267,60.0
3268,3269,78.0
3269,3268,60.0
3269,3270,60.0
3270,3269,60.0
3270,3271,60.0
3271,3270,168.0
3271,3272,60.0
3272,3235,60.0
3235,3236,146.0
3236,3253,71.0
3236,3279,145.0
3279,3236,60.0
3279,3275,71.0
3279,5383,71.0
3275,3251,60.0
3251,3250,102.0
3251,3252,63.0
3250,3249,62.0
3250,3251,73.0
3249,3250,92.0
3249,3276,73.0
3276,412,92.0
3276,3249,86.0
467,462,77.5
467,1639,74.0
3242,438,83.0
3242,3241,251.0
3241,3240,82.0
3241,3242,67.0
3240,3241,60.0
3240,3278,67.0
3278,3238,60.0
3278,3240,69.0
3238,3279,123.0
3253,3234,83.0
3234,3271,60.0
3356,3350,60.0
3350,3351,125.0
3350,3357,119.0
3357,3338,99.0
3338,3347,60.0
3347,3289,60.0
3347,3348,93.0
3289,3347,72.0
3289,3359,93.0
3359,3360,70.0
3360,1261,62.0
3287,3288,79.0
3288,3289,60.0
3348,3349,60.0
3349,3350,60.0
3351,3295,65.0
2253,2254,60.0
2254,2255,68.0
2255,1301,60.0
3280,1335,103.0
3280,3281,153.0
3361,213,60.0
1229,2267,60.0
2267,1231,60.0
466,419,60.0
466,1749,60.0
466,4387,60.0
407,406,100.0
407,408,85.0
407,1784,101.0
3444,3445,60.0
3445,3446,60.0
3446,3447,60.0
3446,3461,60.0
3447,3448,60.0
3448,3449,60.0
3449,3450,70.0
3450,3451,66.0
3451,3452,109.0
3452,3453,60.0
3453,3418,60.0
3418,3419,99.0
3419,3420,109.0
3420,3421,60.0
3421,3422,86.0
3422,3423,133.0
3423,3424,130.0
3424,3425,142.0
3425,3426,94.0
3426,3427,98.0
3427,3428,139.0
3427,3431,90.0
3428,1757,90.0
3428,1760,89.0
3429,3427,74.0
3429,3759,73.0
3759,3431,89.0
3431,3432,137.0
3432,3433,70.0
3433,3434,130.0
3434,3435,125.0
3435,3436,148.0
3436,3437,83.0
3437,3438,130.0
3438,3439,60.0
3439,3440,113.0
3439,3454,112.0
3454,3455,101.0
3455,3456,60.0
3456,3457,60.0
3457,3458,105.0
3458,3459,65.0
3459,3460,75.0
3460,3446,60.0
3461,3462,60.0
3581,3582,60.0
3582,3583,60.0
3582,3598,60.0
3583,3582,60.0
3583,3584,60.0
3584,3585,60.0
3585,3586,60.0
3586,3587,60.0
3587,3588,60.0
3588,3899,108.0
3899,3590,68.0
3590,3552,73.0
3590,4383,73.0
3552,3553,84.0
3553,3554,145.0
3554,3555,66.0
3555,426,60.0
3555,450,60.0
3555,3557,60.0
3556,3557,60.0
3557,3558,60.0
3558,3559,60.0
3559,3560,191.0
3559,4392,191.0
4392,3592,60.0
4392,3900,60.0
3592,3593,78.0
3593,3594,65.0
3593,3901,65.0
3594,3595,70.0
3595,3596,60.0
3596,3597,60.0
3597,3583,60.0
3367,3368,60.0
3368,3369,60.0
3369,3370,60.0
3370,3371,96.0
3371,106674,78.0
106674,3373,95.0
106674,3409,128.0
3373,3374,125.0
3374,3375,70.0
3375,3376,73.0
3376,3377,60.0
3377,3378,118.0
3378,3379,63.0
3379,3380,60.0
3380,3381,60.0
3380,3401,233.0
3381,3382,232.0
3382,3383,60.0
3383,3384,60.0
3384,3385,67.0
3385,3386,106.0
3386,3387,202.0
3387,3388,118.0
3388,3389,60.0
3389,3390,60.0
3390,3414,122.0
3414,3415,60.0
3415,3416,60.0
3416,3417,76.0
3417,3418,171.0
3463,3464,64.0
3463,4568,143.0
3464,3463,122.0
3464,3465,143.0
3465,3464,118.0
3465,3466,122.0
3466,3465,96.0
3466,3467,118.0
3467,3466,77.0
3467,3468,96.0
3468,3467,158.0
3468,3469,77.0
3469,3468,69.0
3469,3470,158.0
3470,3471,65.0
3471,3472,60.0
3472,3473,60.0
3473,3474,197.0
3474,3475,60.0
3475,2521,102.0
3476,3477,92.0
3477,3478,60.0
3478,3479,131.0
3479,3480,77.0
3480,3481,84.0
3481,3816,113.0
3816,3482,60.0
3482,3483,60.0
3483,1752,69.0
3484,3485,123.0
3485,3819,60.0
3819,3486,60.0
3486,3487,60.0
3487,3488,111.0
3488,3489,89.0
3489,3490,60.0
3490,3491,148.0
3491,2573,60.0
3492,3493,69.0
3493,3494,97.0
3494,3495,60.0
3495,3496,199.0
3496,3497,60.0
3497,3469,60.0
3440,3441,105.0
3441,3442,165.0
3442,3443,82.0
3443,3391,60.0
3391,3392,60.0
3391,3714,60.0
3392,3393,140.0
3393,3394,70.0
3394,3395,60.0
3395,3396,113.0
3396,3397,88.0
3397,3398,212.0
3398,3399,75.0
3399,3400,60.0
3400,3380,60.0
3401,3402,60.0
3402,3403,60.0
3403,3404,62.0
3404,3405,118.0
3405,3406,61.0
3406,3407,70.0
3407,106674,69.0
3409,3410,90.0
3410,3411,80.0
3411,3412,98.0
3412,3413,60.0
3413,1519,60.0
3539,3223,87.0
3539,3540,96.0
3649,3650,95.0
3650,3651,60.0
3651,3652,60.0
3652,3653,60.0
3653,3654,77.0
3654,3655,60.0
3655,3505,60.0
3505,3506,62.0
3506,3507,86.5
3507,3508,60.0
3508,3509,78.0
3509,3510,272.0
3510,3511,60.0
3511,3512,60.0
3512,418,117.0
3513,3514,83.0
3514,3515,136.0
3515,3516,60.0
3516,3517,60.0
3517,3518,60.0
3518,3519,242.0
3530,1796,492.0
3530,3531,108.0
3519,3520,77.0
3519,3656,77.0
3531,3530,237.0
3531,3532,60.0
3656,3657,60.0
3532,3113,60.0
3532,3531,75.0
3657,3658,60.0
3113,3112,104.0
3113,3119,114.0
3113,3532,105.0
3113,3533,64.0
3658,3659,60.0
3533,3534,139.0
3659,3660,68.0
3534,3535,62.0
3660,3661,60.0
3535,3536,69.0
3661,3662,60.0
3536,3760,60.0
3662,3663,77.0
3760,3538,60.0
3663,3664,60.0
3538,3539,60.0
3664,3665,60.0
3665,3258,71.0
3540,3541,83.0
3541,3542,131.0
3542,3543,68.0
3543,3544,60.0
3543,3775,60.0
3544,3545,69.0
3545,3546,77.0
3546,3547,60.0
3666,3217,89.0
3547,3548,84.0
3548,3549,102.0
3549,3550,85.0
3550,3551,71.0
3551,3552,124.0
3560,3561,60.0
3561,3562,114.0
3562,3563,75.0
3563,3564,87.0
3564,3565,101.0
3565,3566,89.0
3566,3567,60.0
3567,3568,71.0
3568,3569,71.0
3568,3783,111.0
3569,3570,63.0
3570,3571,68.0
3571,3222,96.0
3572,3573,105.0
3573,3574,60.0
3574,3575,60.0
3575,3576,60.0
3576,3577,67.0
3577,3118,60.0
3118,3114,176.0
3118,3117,75.0
3118,3119,76.0
3118,3578,142.0
3578,3118,60.0
3578,3579,93.0
3579,3578,60.0
3579,3580,240.0
3579,3823,238.0
3580,1808,485.0
3580,3579,106.0
3520,3521,63.0
3521,3522,60.0
3522,3524,85.0
3524,3778,60.0
3778,3498,60.0
3778,3780,89.0
3780,3781,60.0
3781,3782,60.0
3782,3568,98.0
3783,3784,131.0
3784,3785,155.0
3785,3786,66.0
3786,3787,60.0
3770,3771,60.0
3771,3772,89.0
3772,3773,60.0
3773,3774,60.0
3774,3543,159.0
3775,3776,264.0
3776,3777,99.0
3777,3778,60.0
3498,3500,81.0
3500,3501,77.0
3501,3502,60.0
3502,3503,60.0
3503,3504,60.0
3504,3505,60.0
3110,3109,60.0
3110,3112,70.0
3110,3120,72.0
3110,3121,60.0
3120,3110,86.0
3120,3119,60.0
3120,3982,86.0
3119,3118,86.0
3119,3120,103.0
3823,3824,60.0
3824,3139,60.0
3806,3805,72.0
3805,3804,73.0
3804,3803,60.0
3803,3802,60.0
3802,172,60.0
3801,3800,76.0
3800,3799,60.0
3799,3798,61.0
3798,3820,65.0
3820,1788,60.0
3821,3822,60.0
3822,3531,60.0
3112,3111,138.0
3112,3113,60.0
3111,3110,60.0
3111,3112,79.0
3111,3118,130.0
3122,1813,152.0
3122,3123,110.0
3123,3093,151.0
3123,3122,88.0
3087,3088,82.0
3087,3115,94.0
3115,3087,78.0
3115,3108,67.0
3115,3114,81.0
3115,3117,86.0
3114,3113,78.0
3114,3115,115.0
3117,3113,68.0
3117,3115,138.0
3108,3107,87.0
3108,3115,79.0
3126,3102,153.0
3126,3127,87.0
3127,3126,108.0
3127,3831,153.0
3831,3832,60.0
3832,106562,60.0
106562,795,60.0
405,404,60.0
405,406,60.0
404,144,60.0
404,405,60.0
404,3315,60.0
106685,106686,60.0
106686,106685,60.0
106686,106687,60.0
106687,106686,60.0
106687,106688,60.0
106688,106687,60.0
106688,106689,60.0
106689,106688,60.0
106689,106690,60.0
106690,106689,60.0
106690,106691,60.0
106691,106690,60.0
106691,106692,60.0
106692,106691,81.0
106692,106693,60.0
106693,106692,60.0
106693,106694,80.0
106694,106693,60.0
106694,106695,60.0
106695,106694,60.0
106695,106696,60.0
106696,106695,60.0
106696,106697,60.0
106697,106696,60.0
106697,106698,60.0
106698,106697,60.0
106698,106699,60.0
106699,106698,60.0
106699,106700,60.0
106700,106699,65.0
106700,106701,60.0
106701,106700,60.0
106701,106702,60.0
106702,3669,60.0
106702,106701,99.0
3669,3671,105.0
3669,106702,60.0
3671,3669,537.0
3671,3672,60.0
3672,3671,88.0
3672,3673,554.0
3673,3672,106.0
3673,3674,88.0
3674,3673,62.0
3674,3675,106.0
3675,3674,72.0
3675,3676,62.0
3676,3675,135.0
3676,3677,72.0
3677,3676,89.0
3677,3678,136.0
3678,3677,62.0
3678,3679,88.0
3679,3678,62.0
3679,3680,62.0
3680,3681,133.0
3681,8163,166.5
8163,3683,114.0
3683,3684,104.0
3684,3685,77.0
3685,3686,118.0
3686,3687,115.0
3687,3688,60.0
3688,3689,165.0
3689,3690,60.0
3690,3691,96.0
3691,3692,90.0
3692,3693,61.0
3693,3694,60.0
3693,3734,190.0
3694,3695,204.0
3695,3696,78.0
3696,3697,131.0
3697,3698,141.0
3698,3699,60.0
3699,3700,84.0
3700,3701,120.0
3701,3702,82.0
3702,3703,82.0
3702,3724,81.0
3703,3704,60.0
3704,3705,198.0
3705,3706,182.0
3705,3723,60.0
3706,3707,101.0
3707,3752,65.0
3707,8164,65.0
3752,3709,60.0
3752,3720,63.0
3709,3710,76.5
3709,3717,60.0
3710,3711,60.0
3711,3712,61.0
3712,3713,121.0
3713,3390,69.0
3525,320,99.0
3756,433,113.0
3714,3715,126.0
3715,3716,60.0
3716,3717,123.0
3717,3711,60.0
3717,3718,61.0
3718,3752,74.0
3720,3721,110.0
3721,3705,60.0
3721,3722,60.0
3722,3723,60.0
3723,3724,188.0
3724,3704,101.0
3724,3725,137.0
3725,3726,114.0
3726,3727,97.0
3727,3728,60.0
3728,3729,131.0
3729,3730,80.0
3730,3731,60.0
3730,106604,60.0
3731,3732,146.5
3732,3733,127.5
3733,3693,87.5
3734,3735,60.0
3735,3736,60.0
3736,3737,96.0
3737,3738,94.5
3738,3739,60.0
3739,3740,171.0
3740,3741,60.0
3741,3742,103.5
3742,3743,129.5
3743,8165,72.5
8165,3745,102.0
3745,8131,116.5
8131,3679,163.0
8131,8132,164.0
3811,788,60.0
3812,3813,60.0
3813,1783,60.0
3363,3362,94.0
3363,3814,61.0
3362,1641,60.0
3366,3363,417.0
3814,3837,71.0
3837,1821,106.0
3900,3593,78.0
3901,3902,98.0
3902,3903,110.0
3902,4397,110.0
3903,3904,86.0
3904,4399,62.0
4399,4400,171.0
4400,3907,102.0
3907,3908,83.0
3908,3890,60.0
3908,4403,60.0
3890,3889,309.0
3890,3891,165.0
3889,3890,268.0
3889,3909,166.0
3909,3910,259.0
3910,3911,60.0
3910,4407,149.0
3911,3912,185.0
3912,4409,187.0
4409,4410,126.0
4410,3915,60.0
3915,3916,60.0
3915,4412,60.0
4351,3874,60.0
4351,3944,60.0
4351,3947,60.0
3916,3917,60.0
3874,4356,68.0
3917,4414,233.0
4356,3876,60.0
4356,4357,60.0
4414,3919,143.0
3876,3877,154.0
3919,3920,108.0
3919,4416,108.0
3877,3878,60.0
3920,3921,64.0
3878,3879,60.0
3878,4360,74.0
3921,3922,60.0
3879,3880,81.0
3922,3923,158.0
3880,3881,187.0
3923,4352,60.0
3881,3882,228.0
4352,3944,63.0
4352,4102,64.0
4352,106643,60.0
3882,3883,60.0
3883,3884,60.0
3884,3885,60.0
3885,3886,122.0
3885,4367,122.0
3886,3887,202.0
3887,3888,176.0
3887,4370,178.0
3888,3889,60.0
3891,3892,318.0
3892,3893,60.0
3893,3894,72.0
3894,3895,120.0
3894,4376,120.0
3895,3896,155.0
3896,3897,71.0
3897,3898,84.0
3898,3588,98.0
3851,519,94.0
3852,22,60.0
498,485,63.0
498,499,60.0
498,558,60.0
1025,993,87.0
1025,995,95.0
1025,1024,60.0
1025,6941,117.0
1024,994,109.0
1024,1025,106.0
1024,7915,84.0
7915,1015,70.0
7915,1024,70.0
7915,3842,102.0
3842,7736,72.0
3842,7915,81.0
7736,3842,95.0
7736,3844,82.0
3844,594,95.0
3844,7736,60.0
3844,7763,94.0
3872,528,60.0
7735,594,89.0
7735,3846,66.0
7735,6533,88.0
7735,7763,88.0
3846,3847,88.0
3846,7735,81.0
3847,3846,72.0
3847,3848,81.0
3848,995,69.0
3848,1015,69.0
3848,1024,69.0
3848,3847,106.0
995,994,110.0
995,996,60.0
995,3848,62.0
995,7915,85.0
994,995,73.0
994,3849,68.0
994,5899,65.0
994,6941,67.0
3849,994,63.0
3849,1025,105.0
3849,6433,60.0
80,81,187.0
80,1078,60.0
1079,84,145.0
1079,4811,144.0
3982,3121,78.0
3983,3984,70.0
3984,3985,118.0
3985,3977,266.0
3985,3986,96.0
3986,3987,144.0
3987,3988,310.0
3988,3989,116.0
3989,3990,353.0
3990,3991,60.0
3991,3992,149.0
3992,3993,74.0
3993,3994,85.0
3994,3995,92.0
3995,3996,78.0
3996,3997,91.0
3997,3998,145.0
3998,3999,60.0
3999,4000,81.0
4000,4001,60.0
4001,4002,196.0
4002,3960,60.0
4002,4003,60.0
4003,4004,60.0
4004,4005,75.0
4005,4006,76.0
4006,4007,83.0
4007,4008,147.0
4008,4009,125.0
4009,4010,68.0
4010,4011,60.0
4011,4012,67.0
4012,4048,208.0
4048,3949,254.0
4048,4049,126.0
4049,4352,251.0
3947,3948,102.0
3947,4048,102.0
3948,3949,229.0
3949,3950,149.0
3950,3951,211.0
3951,3952,64.0
3952,3953,60.0
3953,3954,68.0
3954,3955,120.0
3955,3956,154.0
3956,3957,96.0
3957,3958,71.0
3958,3959,60.0
3958,4002,60.0
3959,3960,60.0
3960,3961,60.0
3961,3962,215.0
3962,3963,60.0
3963,3964,96.0
3964,3965,60.0
3965,3966,125.0
3966,3967,106.0
3967,3968,99.0
3968,3969,76.0
3969,3970,85.0
3970,3971,74.0
3971,3972,105.0
3972,3973,155.0
3973,3974,164.0
3974,3975,121.0
3975,3976,188.0
3975,3985,188.0
3976,3977,268.0
3977,3978,95.0
3978,3109,107.0
3979,3111,60.0
106604,3697,60.0
106604,106605,60.0
106605,106604,60.0
106605,106606,60.0
106606,106605,63.0
106606,106607,60.0
106607,106606,108.0
106607,106608,62.0
106608,106607,77.0
106608,106609,108.0
106609,106608,93.0
106609,106610,78.0
106610,106609,129.0
106610,106611,93.0
106611,106610,134.0
106611,106612,128.0
106612,106611,60.0
106612,106613,135.0
106613,106612,117.0
106613,106614,60.0
106614,106613,60.0
106614,106615,116.0
106615,106614,60.0
106615,106616,60.0
106616,106615,84.0
106616,106617,60.0
106617,106616,60.0
106617,106618,84.0
106618,106617,97.0
106618,106619,60.0
106619,106618,106.0
106619,106620,97.0
106620,106619,246.0
106620,106621,106.0
106621,106620,252.0
106621,106622,216.0
106622,106621,179.0
106622,106623,282.0
106623,106622,134.0
106623,106624,179.0
106624,106623,112.0
106624,106625,134.0
106625,106624,88.0
106625,106626,112.0
106626,106625,68.0
106626,106627,89.0
106627,106626,105.0
106627,106628,67.0
106628,106627,74.0
106628,106629,106.0
106629,106628,182.0
106629,106630,73.0
106630,106629,60.0
106630,106631,183.0
106631,106630,115.0
106631,106632,60.0
106632,106631,139.0
106632,106633,114.0
106633,106632,110.0
106633,106634,140.0
106634,106633,209.0
106634,106635,109.0
106635,106634,60.0
106635,106636,209.0
106636,106635,75.0
106636,106637,60.0
106637,106636,102.0
106637,106638,75.0
106638,106637,136.0
106638,106639,102.0
106639,106638,137.0
106639,106640,136.0
106640,106639,127.0
106640,106641,137.0
106641,106640,119.0
106641,106642,128.0
106642,106641,88.0
106642,106643,118.0
106643,4351,89.0
106643,106642,60.0
4420,4421,60.0
4421,4422,60.0
4422,4423,60.0
4423,4424,60.0
4424,4426,60.0
4426,4425,122.0
4426,4427,131.0
4425,4426,191.0
4425,4427,69.0
4427,1255,74.0
1255,4428,131.0
1255,5361,78.0
4428,140,60.0
4428,141,60.0
4429,1263,114.0
4430,4431,128.0
4430,4432,128.0
4432,4431,85.0
4432,4832,98.0
4431,4432,135.0
4431,4433,60.0
4431,4832,60.0
4433,4434,60.0
4434,4435,60.0
4435,4436,60.0
4436,4437,60.0
4067,4068,60.0
4068,4069,144.0
4069,4070,143.0
4070,4071,60.0
4070,4133,60.0
4071,4072,86.0
4072,4073,74.0
4073,4074,60.0
4074,4075,60.0
4074,4323,60.0
4075,4076,60.0
4076,4077,60.0
4076,4325,61.0
4077,4078,188.0
4078,4079,83.0
4079,4080,116.0
4080,4081,81.0
4081,4082,60.0
4082,4083,167.0
4083,4084,120.0
4083,4120,121.0
4084,4085,128.0
4085,4086,101.0
4086,4087,142.0
4087,4088,130.0
4087,4336,120.0
4088,4089,91.0
4089,4090,105.0
4089,4338,82.0
4090,4091,60.0
4091,4092,107.0
4091,4112,91.0
4092,4093,61.0
4093,4094,77.0
4093,4342,76.0
4094,4095,148.0
4095,4096,121.0
4096,4097,211.0
4097,4098,65.0
4097,4346,65.0
4098,4347,85.0
4347,4100,60.0
4100,4101,60.0
4101,4102,108.0
4102,4103,60.0
4102,4351,77.0
3944,3943,60.0
3944,4103,66.0
3944,4352,60.0
4103,4104,70.0
4104,4105,111.0
4105,4106,60.0
4105,4346,60.0
4106,4107,60.0
4107,4108,76.0
4108,4109,83.0
4109,4110,206.0
4109,4342,207.0
4110,4111,127.0
4111,4112,141.0
4112,4093,62.0
4112,4113,77.0
4113,4338,62.0
4338,4091,60.0
4338,4115,89.0
4115,4116,60.0
4115,4336,60.0
4116,4117,98.0
4117,4118,101.0
4117,4334,120.0
4118,4119,118.0
4119,4120,142.0
4119,4334,110.0
4120,4119,124.0
4120,4121,110.0
4121,4122,124.0
4122,4123,126.0
4123,4082,60.0
4123,4124,146.0
4124,4123,87.0
4124,4125,60.0
4125,4124,111.0
4125,4126,87.0
4126,4125,108.0
4126,4127,111.0
4126,4353,111.0
4127,4128,87.0
4128,4323,189.0
4323,4076,60.0
4323,4130,60.0
4130,4131,60.0
4131,4132,60.0
4132,4133,60.0
4132,4248,60.0
4133,4072,83.0
4133,4134,77.0
4134,4135,91.0
4135,4070,249.0
4135,4136,60.0
4136,4137,139.0
4136,4315,138.0
4055,4056,140.0
4056,4057,60.0
4056,4066,60.0
4057,4056,62.0
4057,4065,60.0
4065,4057,94.0
4065,4438,63.0
4438,4065,61.0
4438,6359,94.0
6359,4440,60.0
4440,6361,60.0
6361,4442,76.0
4442,4443,60.0
4442,4470,60.0
4442,4471,60.0
4443,134,60.0
4444,5269,60.0
4444,5271,60.0
5271,4446,60.0
5271,4469,60.0
4446,4447,60.0
4447,4448,60.0
4448,4449,62.0
4448,4466,60.0
4449,4450,60.0
4450,4451,63.0
4451,4452,60.0
4452,4453,60.0
4453,4454,60.0
4453,4462,60.0
4454,4455,60.0
4455,4456,75.0
4456,4457,60.0
4458,4459,60.0
4459,4460,60.0
4460,4461,60.0
4461,4453,70.0
4462,4463,60.0
4463,4464,60.0
4464,4465,60.0
4465,4448,65.0
4466,4467,65.0
4467,5271,60.0
4469,136,60.0
4469,1276,60.0
4470,134,60.0
4470,4442,60.0
4471,4472,60.0
4472,4473,75.0
4473,4438,60.0
4066,143,60.0
4066,172,60.0
4066,2518,60.0
143,3315,229.5
4493,4494,60.0
4494,4495,60.0
4495,4496,65.0
4496,137,77.0
4488,4489,63.0
4489,4490,79.0
4490,4491,60.0
4491,4492,60.0
1450,4575,60.0
4575,4568,68.0
4575,4574,230.0
4574,4573,275.0
4574,4575,60.0
4573,4572,60.0
4573,4574,60.0
4572,4573,60.0
4572,4576,60.0
4576,4571,60.0
4571,4570,60.0
4571,4572,93.0
4570,4571,60.0
4569,4570,60.0
2223,763,78.0
4526,4527,60.0
2299,274,87.0
1140,294,60.0
4539,168,60.0
4545,6467,79.0
2305,744,72.0
2219,769,80.0
4553,761,60.0
4216,4217,60.0
4217,4218,63.0
4218,4219,60.0
4219,4220,60.0
4220,4221,89.0
4221,4222,86.0
4222,4223,60.0
4223,4224,72.0
4224,4225,164.0
4225,4226,85.0
4226,4227,165.0
4227,4228,128.0
4228,4229,118.0
4229,4230,92.0
4230,4231,236.0
4231,4232,85.0
4232,4233,121.0
4233,4234,102.0
4234,4235,60.0
4235,4236,127.0
4236,4237,162.0
4237,4238,87.0
4238,4239,111.0
4239,4240,67.0
4240,4241,111.0
4241,4242,161.0
4242,4243,72.0
4243,4244,60.0
4244,4245,60.0
4245,4246,167.0
4245,4250,75.0
4246,4247,81.0
4247,4072,103.0
4248,4249,63.0
4249,4245,113.0
4250,4251,164.0
4251,4252,60.0
4252,4253,60.0
4253,4254,71.0
4254,4255,159.0
4255,4256,95.0
4256,4257,75.0
4257,4258,120.0
4258,4259,76.0
4259,4260,167.0
4260,4261,130.0
4261,4262,61.0
4262,4263,110.0
4263,4264,118.0
4264,4265,87.0
4265,4266,231.0
4266,4267,91.0
4267,4268,113.0
4268,4269,124.0
4269,4270,186.0
4270,4271,60.0
4271,4272,206.0
4272,4273,60.0
4273,4274,60.0
4274,4275,74.0
4275,4276,88.0
4276,4277,60.0
4277,4216,60.0
4278,4279,60.0
4279,4278,71.0
4279,4280,181.0
4280,4279,353.0
4280,4281,72.0
4281,4280,90.0
4281,4282,352.0
4282,4281,230.0
4282,4283,90.0
4283,4282,82.0
4283,4284,230.0
4284,4283,74.0
4284,4285,82.0
4285,4284,88.0
4285,4286,74.0
4286,4285,60.0
4286,4287,88.0
4287,4286,116.0
4287,4288,60.0
4288,4287,70.0
4288,4289,116.0
4289,4288,102.0
4289,4290,70.0
4290,4289,135.0
4290,4291,102.0
4291,4290,129.0
4291,4292,157.0
4292,4291,84.0
4292,4293,129.0
4293,4292,61.0
4293,4294,84.0
4294,4293,147.0
4294,4295,61.0
4295,4294,301.0
4295,4296,147.0
4296,4295,516.0
4296,4297,271.0
4297,4296,122.0
4297,4298,77.0
4298,4297,60.0
4298,4299,588.0
4299,4298,60.0
4299,4300,60.0
4300,4299,166.0
4300,4301,60.0
4301,4300,60.0
4301,4302,152.0
4302,4301,60.0
4302,4303,60.0
4303,4302,127.0
4303,4304,66.0
4304,4303,196.0
4304,4305,126.0
4305,4304,87.0
4305,4306,197.0
4306,4305,92.0
4306,4307,87.0
4307,4306,76.0
4307,4308,93.0
4308,4307,60.0
4308,4309,76.0
4309,4308,81.0
4309,4310,60.0
4310,4309,101.0
4310,4311,82.0
4311,4310,210.0
4311,4312,100.0
4312,4311,168.0
4312,4313,209.0
4313,4314,174.0
4314,4315,112.0
4314,106824,60.0
4315,4314,60.0
4315,4316,60.0
4316,4135,60.0
4325,4126,162.0
4397,4398,107.0
4398,4399,99.0
4334,4087,146.0
4334,4119,115.0
4336,4089,114.0
4336,4117,78.0
4403,4404,195.0
4404,4405,357.0
4405,3910,60.0
4407,3912,259.0
4342,4095,116.0
4342,4111,152.0
4346,4107,79.0
4346,4347,60.0
4412,3917,60.0
4416,3921,84.0
4357,4358,89.0
4358,3878,78.0
4360,3880,115.0
4367,3886,108.0
4370,4371,272.0
4371,3891,60.0
4376,4377,96.0
4377,3897,91.0
4383,3553,60.0
4353,4128,107.0
106824,4312,120.0
445,394,60.0
445,106463,60.0
373,372,113.0
373,4626,112.0
4626,4627,117.0
4627,4628,71.0
4628,4629,79.0
4629,4630,154.0
4630,4631,85.0
4631,4632,60.0
4632,4633,101.0
4633,4634,144.0
4634,4635,125.0
4635,4636,63.0
4636,4637,60.0
4637,4638,165.0
4638,4639,97.0
4639,4640,60.0
4640,4641,69.0
4641,4642,101.0
4642,4643,60.0
4643,4692,159.0
4643,4705,158.0
4705,4607,60.0
4705,4693,233.0
4693,4694,60.0
4694,4688,114.0
4688,4689,78.0
4688,4695,94.0
4695,1914,79.0
4696,4697,152.0
4577,4578,60.0
4697,4698,93.0
4578,4579,130.0
4698,4706,60.0
4579,4580,61.0
4579,4666,60.0
4706,4684,68.0
4706,4699,129.0
4580,4581,60.0
4699,4700,70.0
4581,4582,60.0
4700,4651,70.0
4582,4583,111.0
4651,4653,108.0
4583,4584,85.0
4653,4652,85.0
4584,4585,74.0
4652,4654,60.0
4652,4711,60.0
4585,4586,317.0
4654,4655,232.0
4586,4587,60.0
4655,4656,104.0
4587,4589,194.0
4656,4657,60.0
4589,4589,360.0
4589,4590,60.0
4657,4658,229.0
4658,4659,359.0
4590,4591,263.0
4659,4660,197.0
4591,4592,104.0
4660,4661,60.0
4592,4593,299.0
4592,4594,60.0
4661,4662,319.0
4593,4592,60.0
4593,4594,162.0
4662,4663,75.0
4594,4681,146.0
4663,4664,83.0
4681,4682,111.0
4682,4703,70.0
4682,4706,70.0
4664,4665,109.0
4703,4684,73.0
4665,4579,60.0
4684,4685,122.0
4685,4686,60.0
4666,4667,60.0
4686,1836,83.0
4687,4688,60.0
4689,4690,95.0
4690,4692,109.0
4690,4705,109.0
4690,6107,109.0
4607,4608,237.0
4608,4609,166.0
4609,4610,60.0
4610,4611,90.0
4611,4612,76.0
4612,4613,60.0
4613,4614,110.0
4614,4615,157.0
4615,4616,60.0
4616,4617,68.0
4617,4618,118.0
4618,4619,132.0
4707,4708,60.0
4619,4620,111.0
4708,4709,415.0
4620,4621,60.0
4709,4593,76.0
4621,4622,87.0
4622,4623,151.0
4623,4624,60.0
4623,4823,60.0
4624,4625,72.0
4625,171,156.0
4625,4537,156.0
402,126,87.0
127,403,86.0
127,3315,87.0
106462,402,60.0
4711,4712,308.0
4712,4707,980.0
4713,4714,60.0
4714,4715,75.0
4715,4716,79.0
4716,4717,65.0
4717,4718,112.0
4718,4719,60.0
4719,4720,65.0
4720,4721,128.0
4721,4722,72.0
4722,4723,66.0
4722,6895,66.0
4723,4724,60.0
4724,4725,66.0
4725,6605,76.0
6605,4727,73.0
6605,4798,105.0
6605,6606,92.0
4727,4728,105.0
4728,4729,65.0
4728,4795,76.0
4728,4796,60.0
4728,6604,60.0
4729,4728,65.0
4729,4730,60.0
4730,4729,60.0
4730,6603,66.0
6603,4730,60.0
6603,4732,60.0
4732,4733,63.0
4733,4734,60.0
4734,4735,60.0
4735,4736,100.0
4736,4737,117.0
4737,4738,118.0
4738,4739,128.0
4738,4787,205.0
4739,4740,198.0
4740,4741,109.0
4741,4742,161.0
4742,4743,70.0
4743,4744,63.0
4743,5929,62.0
4744,4745,81.0
4745,4746,81.0
4746,106826,67.0
106826,4748,106.0
4748,4749,78.0
4749,4750,174.0
4750,6729,340.0
4750,7262,130.0
7262,4753,84.0
7262,7647,60.0
7647,4753,84.0
7647,7262,175.0
4753,6682,175.0
4753,6683,632.0
4753,7647,103.0
6682,4753,99.0
6682,4754,102.0
4754,4756,60.0
4756,7652,65.0
7652,4758,142.0
4758,4759,77.0
4759,4760,119.0
4760,590,121.0
590,591,60.0
590,4761,75.0
4761,9279,76.0
9279,80,60.0
9279,7684,60.0
81,82,195.0
4811,4812,92.0
4812,4813,140.0
4812,5107,61.0
4813,1863,60.0
7782,4815,64.0
4815,4816,113.0
4816,4817,94.0
4817,4818,79.0
4818,4819,213.0
4819,4820,112.0
4820,4821,196.0
4821,4822,102.0
4822,4823,163.0
4822,7783,163.0
4823,4625,100.0
4823,4824,75.0
4823,7788,75.0
4824,4825,135.0
4825,7933,210.0
7933,4827,133.0
4827,1944,67.0
1944,7784,71.0
7937,4828,118.0
4828,4829,179.0
4828,7781,179.0
4829,4830,257.0
4830,4831,143.0
4831,4425,108.0
4831,4426,108.0
4832,4833,222.0
4833,4834,110.0
4834,7938,60.0
7938,4836,106.0
4836,7789,251.0
7789,1953,177.0
1952,7886,60.0
4839,4840,149.0
4839,7792,149.0
7792,4840,138.0
4840,7781,202.0
4840,7786,67.0
7786,4842,140.0
4842,4843,152.0
4843,7790,193.0
4843,7892,193.0
7892,4845,64.0
4845,4846,133.0
4846,4847,104.0
4847,4848,219.0
4848,2001,89.0
4848,4849,72.0
4849,7787,68.0
7787,1891,130.0
7787,4815,72.0
4851,4852,107.0
4851,5113,60.0
4852,1085,142.0
9280,4763,167.0
4763,603,60.0
4763,7791,60.0
4764,4765,71.0
4765,7667,120.0
7667,7668,99.0
7668,7669,93.0
7669,6687,100.0
6687,6681,117.0
6687,6734,330.0
6687,7671,129.0
7671,4771,60.0
4771,6687,172.0
4771,6728,179.0
4771,6729,352.0
6728,4771,459.0
6728,6729,172.0
6729,4774,85.0
6729,6728,257.0
6729,7263,60.0
4774,4775,60.0
4775,4776,153.0
4776,4777,161.0
4777,4778,78.0
4778,4779,108.0
4779,4780,60.0
4780,4781,101.0
4781,4782,60.0
4782,4783,60.0
4783,4784,140.0
4784,4785,94.0
4785,4738,110.0
4785,4786,110.0
4786,4787,105.0
4787,4788,200.0
4787,6871,200.0
4788,4789,157.0
4789,4790,102.0
4790,4791,60.0
4791,4792,60.0
4792,6646,99.0
6646,4794,72.0
4794,4795,60.0
4794,6646,68.0
4795,4728,68.0
4795,4794,60.0
4796,6605,64.0
4798,4799,69.0
4799,4800,75.0
4799,6895,74.0
4800,4801,86.0
4801,4802,60.0
4802,4803,68.0
4803,4804,76.0
4803,6850,76.0
4804,4805,122.0
4804,5940,122.0
4805,4806,76.0
4806,4807,60.0
4807,4808,108.0
4808,4809,62.0
4809,4810,60.0
4810,7370,103.0
4962,4963,60.0
4963,4964,60.0
4963,4982,184.0
4964,4963,73.0
4964,4965,184.0
4965,4964,66.0
4965,4966,73.0
4966,4965,80.0
4966,106465,66.0
106465,106466,76.0
106465,106472,79.0
106466,106467,60.0
106466,106473,90.0
106467,106468,80.0
106468,106469,157.0
106469,106470,84.0
106470,106471,98.0
106471,106466,148.0
106471,106472,149.0
106472,106467,60.0
106472,106473,81.0
106473,4966,60.0
106473,106474,60.0
106474,4967,84.0
106474,106465,60.0
4967,4981,60.0
4967,106474,130.0
4981,4967,111.0
4981,4969,130.0
4969,4970,111.0
4969,4981,191.0
4970,4969,60.0
4970,4971,191.0
4971,4972,60.0
4972,4973,203.0
4973,4974,60.0
4974,5010,121.0
5010,4906,68.0
4906,4942,60.0
4906,8526,60.0
4942,4943,142.0
4943,4944,71.0
4944,4945,60.0
4945,4946,186.0
4945,4959,93.0
4946,4947,95.0
4947,4948,74.0
4948,4949,116.0
4949,4950,83.0
4950,4951,72.0
4951,4952,84.0
4951,4954,143.0
4952,1838,141.0
4952,1912,141.0
1912,1836,80.0
1912,4953,60.0
4692,4607,60.0
4692,4693,239.5
4953,4951,78.0
4954,4955,92.0
4955,4956,67.0
4956,4957,79.0
4957,4958,123.0
4958,4945,70.0
4959,4960,184.0
4960,4961,62.5
4961,4907,63.0
4907,4908,133.5
4907,5011,134.0
5011,4977,60.0
4977,4978,185.0
4978,4979,89.0
4979,4980,251.0
4980,4970,140.0
106733,106734,60.0
106734,106733,60.0
106734,106735,183.0
106735,106734,60.0
106735,106736,60.0
106736,106735,85.0
106736,106737,60.0
106737,106736,120.0
106737,106738,60.0
106738,106737,125.0
106738,106739,149.0
106739,106738,119.0
106739,106740,125.0
106740,106739,131.0
106740,106741,72.0
106741,106740,123.0
106741,106742,178.0
106742,106741,152.0
106742,106743,123.0
106743,4871,152.0
106743,106742,98.0
4871,4872,105.0
4872,4873,85.0
4872,4941,68.0
4873,4874,69.0
4874,4875,95.0
4875,4876,145.0
4876,4877,109.0
4877,4878,60.0
4878,4879,172.0
4879,4880,60.0
4880,4881,60.0
4881,4882,60.0
4882,4930,107.0
4930,4883,90.0
4930,4931,60.0
4883,4884,60.0
4884,4885,142.0
4885,4886,60.0
4886,4887,60.0
4887,4888,60.0
4888,4889,91.0
4889,4890,76.0
4890,4891,60.0
4891,4892,93.0
4892,4893,60.0
4893,4894,98.0
4894,4895,60.0
4895,4896,70.0
4896,4897,122.0
4897,4898,65.0
4898,4899,65.0
4899,4900,60.0
4899,4914,142.0
4900,4901,147.0
4901,4902,60.0
4902,4903,135.0
4903,4904,90.0
4903,4983,90.0
4904,4905,100.0
4905,4906,102.0
106463,446,119.0
4908,4909,60.0
4908,4984,60.0
4909,4910,125.0
4910,4911,122.0
4910,4999,103.0
4911,4912,85.0
4912,4913,142.0
4913,4899,60.0
4914,4915,60.0
4915,4916,61.0
4916,4917,66.0
4917,4918,123.0
4918,4919,76.0
4919,4920,60.0
4920,4921,103.0
4921,4922,60.0
4922,4923,92.0
4923,4924,60.0
4924,4925,75.0
4925,4926,87.0
4926,4927,68.0
4927,4928,60.0
4928,4929,60.0
4929,4930,145.0
4931,4932,106.0
4932,4933,90.0
4933,4934,60.0
4934,4935,60.0
4935,4936,60.0
4936,4937,170.0
4937,4938,60.0
4938,4939,114.0
4939,4940,137.0
4940,4872,95.0
4941,106743,92.0
4985,4986,60.0
4986,4987,160.0
4987,4988,96.0
4988,4989,110.0
4989,4990,144.0
4990,4991,210.0
4991,4992,60.0
4991,5005,60.0
4992,4991,60.0
4992,4993,60.0
4993,4994,60.0
4994,4995,84.0
4995,4996,60.0
4996,4997,166.0
4997,4998,78.0
4998,4903,180.0
4983,4905,124.0
4984,4910,106.0
4999,5000,197.0
5000,5001,189.0
5001,5002,68.0
5002,5003,165.0
5003,5004,60.0
5004,4992,92.0
5005,5006,60.0
5006,5007,200.0
5007,5008,146.0
5008,5009,123.0
5009,4985,92.0
5015,5016,60.0
5016,5018,60.0
5018,5017,60.0
5017,5019,60.0
5019,1315,60.0
5020,5022,116.0
5022,5021,60.0
5021,5023,60.0
5023,5015,60.0
4762,5024,60.0
5024,5025,90.0
5025,5026,60.0
5026,5027,66.0
5027,5028,89.0
5028,5029,60.0
5029,5030,60.0
5030,5031,63.0
5031,5032,78.0
5032,546,71.0
5032,6898,60.0
5034,567,60.0
5034,5035,61.0
5035,5036,74.0
5036,5037,71.0
5037,5038,71.0
5038,5039,60.0
5039,5040,60.0
5040,5041,96.0
5041,5042,69.0
5042,4762,60.0
5042,7220,60.0
106475,5073,60.0
5073,5045,60.0
5073,106475,60.0
5045,5046,60.0
5045,5073,60.0
5046,5047,60.0
5047,5048,110.0
5047,5071,66.0
5048,5049,60.0
5049,5050,94.0
5050,5051,106.0
5051,5052,77.0
5052,5064,82.0
5064,5054,60.0
5054,5053,127.0
5054,5055,90.0
5055,5056,122.0
5056,5057,60.0
5057,5058,134.0
5058,2055,74.0
2733,2070,67.0
5059,5060,91.0
5060,5061,111.0
5061,5062,124.0
5062,5054,60.0
5053,5065,87.0
5065,5066,62.0
5066,5067,84.0
5067,5068,74.0
5068,5069,103.0
5069,5047,87.0
5071,5045,113.0
5075,761,60.0
5075,5076,81.0
5076,5075,60.0
5076,5077,60.0
5077,5076,60.0
5077,5078,60.0
5078,5077,60.0
5078,5079,60.0
5079,5078,60.0
5079,5080,60.0
5080,5079,128.0
5080,5081,60.0
5081,5080,60.0
5081,5082,127.0
5082,5081,60.0
5082,5083,60.0
5083,5082,60.0
5083,5084,60.0
5084,5083,60.0
5084,5085,60.0
5085,5084,60.0
5085,5086,60.0
5086,5085,74.0
5086,5087,60.0
5098,5097,60.0
5087,5086,62.0
5087,106829,75.0
5097,5098,145.0
5097,5099,60.0
106829,5087,113.0
106829,5089,61.0
5099,5095,140.0
5089,5090,114.0
5089,106829,67.0
5095,5094,127.0
5095,5096,60.0
5090,5089,145.0
5090,5091,67.0
5094,5093,60.0
5094,5095,92.0
5091,5090,60.0
5091,5092,144.0
5093,5092,93.0
5093,5094,103.0
5092,5091,102.0
5092,5093,60.0
5096,5097,123.0
5100,5101,60.0
5101,5102,60.0
5102,5103,60.0
5103,5104,79.0
5104,5105,60.0
5105,5106,87.0
5105,5114,67.0
5106,4812,69.0
5107,5108,60.0
5108,5109,60.0
5108,5112,60.0
5109,5108,60.0
5109,5110,60.0
5110,5109,60.0
5110,106782,60.0
106782,5110,60.0
106782,106783,60.0
106783,106782,60.0
106783,106784,60.0
106784,568,60.0
106784,106783,60.0
5112,4851,60.0
5113,5105,71.0
5114,5115,89.0
5115,5116,60.0
5116,5117,81.0
5117,5100,60.0
5269,5270,60.0
5270,5271,60.0
5123,5124,60.0
5124,5123,60.0
5124,5125,60.0
5125,5124,60.0
5125,5126,60.0
5126,5125,60.0
5126,5127,60.0
5127,5126,60.0
5127,5128,60.0
5127,5152,60.0
5128,5127,60.0
5128,5129,60.0
5129,5128,80.0
5129,5130,60.0
5130,5129,67.0
5130,5131,85.0
5131,5132,69.0
5131,6045,68.0
5132,5133,75.0
5132,5172,60.0
5133,5134,60.0
5134,5135,63.0
5135,5136,60.0
5136,5137,142.0
5137,5138,60.0
5138,6560,60.0
6560,5140,122.0
5140,5141,98.0
5141,5142,87.0
5141,6596,87.0
6596,5143,161.0
5143,5144,60.0
5144,5145,133.0
5145,6566,60.0
6566,6567,101.0
6567,6568,133.0
6568,5149,109.0
5149,1040,139.0
5149,6307,139.0
4501,4502,114.0
4502,4503,73.0
4503,5273,66.0
5273,4504,71.0
4504,4505,60.0
4505,2023,62.0
4505,4506,62.0
4506,4477,60.0
4477,4478,64.0
4477,4507,86.0
4507,4508,62.0
4508,46,65.0
5153,5154,122.0
5154,5155,88.0
5155,5156,143.0
5156,6575,98.0
6575,5158,140.0
5158,5159,102.0
5159,5160,60.0
5159,7260,60.0
5160,5161,60.0
5161,5162,60.0
5162,5163,200.0
5163,5164,83.0
5164,5165,97.0
5165,5166,106.0
5166,5167,74.0
5167,5168,60.0
5168,5169,140.0
4475,4476,60.0
5169,5170,60.0
5170,5132,63.0
4476,4477,163.0
5172,5130,77.0
5172,5151,69.0
4478,4479,80.0
4479,4480,60.0
4480,5272,67.0
4480,8044,68.0
5272,4482,60.0
4482,4483,70.0
4483,4484,66.0
4484,118,70.0
506,507,66.0
506,521,68.0
507,506,83.0
507,508,68.0
508,471,82.0
508,507,60.0
508,6430,83.0
471,470,60.0
471,472,66.0
471,508,66.0
470,469,67.0
470,471,90.0
469,248,90.0
469,470,72.0
931,862,60.0
933,865,172.0
472,471,75.0
472,473,117.0
473,472,62.0
473,474,75.0
474,473,75.0
474,520,62.0
5187,2823,68.0
2828,2829,76.0
2828,2830,70.0
5189,5190,168.0
5190,5191,171.0
5191,5192,129.0
5192,5193,60.0
5193,5194,141.0
5194,5195,60.0
5195,5196,130.0
5196,5197,163.0
5197,5198,91.0
5198,5199,64.0
5199,5200,186.0
5200,6993,123.0
6993,5202,151.0
5202,5203,118.0
5203,5204,211.0
5204,5205,110.0
5204,6995,110.0
5205,5206,157.0
5206,5207,79.0
5207,5208,126.0
5208,5209,106.0
5209,5210,80.0
5210,5211,85.0
5210,5232,86.0
5211,5212,92.0
5212,5213,119.0
5213,5214,314.0
5214,5215,60.0
5215,5216,60.0
5216,5217,60.0
5217,5218,85.0
5218,5219,104.0
5219,5220,60.0
5220,5221,102.0
5220,5224,69.0
5221,5220,69.0
5221,5222,69.0
5222,761,71.0
6542,704,60.0
5223,5221,60.0
5224,5225,100.0
5225,5226,64.0
5226,5088,90.0
5088,5227,94.0
5227,5228,67.0
5228,5229,60.0
5229,5230,60.0
5230,5231,316.0
5231,5210,121.0
5232,5233,86.0
5233,5234,81.0
5234,5235,108.0
5235,5236,120.0
5236,5237,82.0
5237,7035,188.0
7035,5239,122.0
5239,5240,184.0
5240,5241,142.0
5241,5242,139.0
5242,5243,127.0
5243,5244,191.0
5244,5245,60.0
5245,5246,84.0
5246,5247,176.0
5247,5248,130.0
5248,5249,60.0
5249,5250,143.0
5250,5251,60.0
5251,5252,109.0
5253,2863,123.0
5262,2481,62.0
5264,5265,121.0
5347,222,60.0
5347,5348,62.0
5348,5347,171.0
5348,5349,60.0
5349,5348,60.0
5349,5350,171.0
5350,5349,66.0
5350,5351,60.0
5351,5350,60.0
5351,5352,66.0
5352,5351,62.0
5352,5353,60.0
5353,5352,60.0
5353,5354,60.0
5354,5353,60.0
5297,5298,60.0
5298,5299,131.0
5298,5346,96.0
5299,5300,97.0
5300,5301,86.0
5300,5345,83.0
5301,5302,86.0
5302,5303,92.0
5303,5304,67.0
5304,5305,197.0
5305,5306,69.0
5306,5307,64.0
5307,5308,106.0
5308,5309,121.0
5309,5310,66.0
5310,5311,73.0
5311,5312,142.0
5312,5313,109.0
5313,5314,97.0
5314,5315,142.0
5315,5316,113.0
5316,5317,173.0
5317,5318,66.0
5318,5319,227.0
5318,8321,227.0
5319,5320,60.0
5320,5321,82.0
5321,1844,60.0
5323,792,67.0
1910,1842,201.0
5324,5325,60.0
5325,5326,126.0
5326,5327,60.0
5327,5328,60.0
5328,5329,166.0
5329,5330,122.0
5330,5331,187.0
5331,5332,105.0
5332,5333,128.0
5333,5334,221.0
5334,5335,67.0
5335,5336,83.0
5336,5337,60.0
5337,5338,70.0
5338,5339,123.0
5339,5340,105.0
5340,5341,62.0
5341,5342,72.0
5342,5343,198.0
5343,5344,65.0
5344,5300,94.0
5345,5298,87.0
5361,1263,60.0
5361,5362,119.0
5362,5363,60.0
5363,5364,60.0
5364,5365,60.0
5365,5366,60.0
5366,5367,60.0
5367,5368,70.0
5368,5369,60.0
5370,5371,60.0
5371,5372,98.0
5372,5373,106.0
5373,5374,63.0
5374,5375,64.0
5375,5376,60.0
5376,5377,60.0
5377,5361,62.0
5381,3103,101.0
5382,5379,110.0
5379,3092,67.0
5379,3236,60.0
5383,3278,82.0
3252,3274,60.0
3274,3273,81.0
3273,5378,76.0
5378,5379,60.0
5380,3090,60.0
5424,140,60.0
5424,141,60.0
5424,5425,142.0
5425,5426,60.0
5426,5427,60.0
5427,5420,176.0
5420,5421,60.0
5420,5428,145.0
5428,5429,60.0
5429,5430,92.0
5430,5431,183.0
5431,5432,165.0
5432,5433,122.0
5433,5434,355.0
5434,5435,131.0
5435,5436,120.0
5436,5437,75.0
5437,5438,98.0
5438,5439,96.0
5439,5440,88.0
5440,5405,170.0
5440,5441,124.0
5441,5440,154.0
5441,5505,154.0
5405,5406,84.0
5405,5442,60.0
5442,5443,84.0
5443,5444,69.0
5444,5445,73.0
5445,5446,84.0
5446,5447,81.0
5447,5448,163.0
5448,5449,60.0
5449,5450,64.0
5450,5395,91.0
5395,5396,89.0
5395,5451,172.0
5451,5452,95.0
5391,5392,60.0
5452,5453,82.0
5392,5393,60.0
5453,5454,77.0
5393,5394,248.0
5394,5395,100.0
5396,5397,169.0
5397,5398,94.0
5398,5399,60.0
5399,5400,60.0
5400,5401,158.0
5401,5402,79.0
5402,5403,81.0
5403,5404,89.0
5404,5405,60.0
5406,5407,60.0
5406,5408,162.5
5407,5406,119.0
5408,5409,131.0
5409,5410,88.0
5410,5411,96.0
5411,5412,98.0
5412,5413,77.0
5413,5414,129.0
5414,5415,115.0
5415,5416,358.0
5416,5417,115.0
5417,5418,165.0
5418,5419,186.0
5419,5420,89.0
5421,5422,140.0
5422,5423,178.0
5423,5424,60.0
5731,5729,60.0
5729,5728,60.0
5729,5730,60.0
5728,1804,63.0
5728,5729,60.0
173,125,77.0
173,381,131.0
5578,5579,60.0
5579,5580,60.0
5580,5581,125.0
5581,5582,62.0
5582,5583,60.0
5583,5584,60.0
5584,5585,60.0
5585,5586,60.0
5586,5587,102.0
5587,5588,60.0
5588,5589,91.0
5589,5590,60.0
5590,5591,97.0
5590,5651,89.0
5591,5592,60.0
5592,5593,125.0
5593,5594,60.0
5594,5595,60.0
5595,5596,155.0
5596,5698,139.0
5698,5597,90.0
5698,5645,73.0
5597,5598,73.0
5597,5698,60.0
5598,5599,60.0
5599,5600,77.0
5600,5601,122.0
5601,5602,75.0
5602,5603,60.0
5603,5604,60.0
5604,5605,151.0
5605,5606,76.0
5606,5607,60.0
5607,5608,60.0
5608,5609,83.0
5609,5610,69.0
5610,5611,158.0
5611,5612,61.0
5612,5613,136.0
5613,5614,136.0
5614,5615,60.0
5614,5629,60.0
5615,5616,60.0
5616,5617,60.0
5617,5618,76.0
5618,5619,60.0
5619,5620,63.0
5620,5488,102.0
5488,5489,125.0
5488,5699,79.0
5489,5490,96.0
5490,5491,64.0
5491,5492,158.0
5491,5621,159.0
5621,5493,222.0
5493,5494,210.0
5494,5495,65.0
5495,5496,90.0
5496,5497,70.0
5497,5498,258.0
5498,5499,60.0
5499,5500,60.0
5500,5501,128.0
5501,5502,182.0
5502,5503,68.0
5503,5407,90.0
5505,5506,78.0
5506,5507,106.0
5507,5508,93.0
5508,5509,152.0
5509,5510,117.0
5510,5511,60.0
5511,5512,60.0
5512,5513,256.0
5513,5514,74.0
5514,5515,99.0
5515,5516,60.0
5515,5622,60.0
5622,5517,226.0
5517,5518,208.0
5518,5519,160.0
5518,5699,160.0
5519,5520,69.0
5520,5521,91.0
5520,5623,60.0
5623,5624,99.0
5624,5625,102.0
5625,5626,63.0
5626,5627,60.0
5627,5628,60.0
5628,5614,92.0
5629,5630,60.0
5630,5631,147.0
5631,5632,122.0
5632,5633,69.0
5633,5634,151.0
5634,5635,69.0
5635,5636,84.0
5636,5637,60.0
3943,3942,60.0
3943,3944,60.0
5637,5638,60.0
3942,3941,60.0
3942,3943,86.0
5638,5639,69.0
3941,3940,85.0
3941,3942,73.0
5639,5640,151.0
3940,3939,73.0
3940,3941,77.0
5640,5641,64.0
3939,3938,78.0
3939,3940,78.0
5641,5642,60.0
3938,3937,77.0
3938,3939,146.0
5642,5643,70.0
3937,3936,146.0
3937,3938,80.0
5643,5644,121.0
3936,3935,80.0
3936,3937,104.0
5644,5597,79.0
3935,3934,104.0
3935,3936,60.0
3934,3933,60.0
3934,3935,60.0
3933,3932,60.0
3933,3934,60.0
5645,5646,92.0
3932,3931,60.0
3932,3933,79.0
5646,5647,138.0
3931,3930,79.0
3931,3932,119.0
5647,5648,151.0
3930,3929,119.0
3930,3931,112.0
5648,5649,60.0
5648,5700,60.0
3929,3928,112.0
3929,3930,115.0
5649,5650,60.0
3928,3927,115.0
3928,3929,60.0
5650,5590,67.0
3927,3926,60.0
3927,3928,125.0
3926,3927,60.0
3926,5468,125.0
5651,5652,98.0
5468,5469,68.0
5652,5653,60.0
5469,5470,67.0
5653,5654,82.0
5470,5471,103.0
5654,5655,60.0
5471,5472,244.0
5655,5656,68.0
5472,5473,110.0
5656,5657,76.0
5473,5474,60.0
5657,5658,60.0
5474,5475,190.0
5658,5659,60.0
5475,5476,162.0
5659,5660,60.0
5476,5477,135.0
5660,5661,69.0
5477,5478,96.0
5661,5662,122.0
5478,5528,110.0
5528,5480,182.0
5528,5530,60.0
5480,5528,97.0
5480,9297,60.0
9297,5480,60.0
9297,5481,97.0
5481,5482,60.0
5482,8077,166.0
8077,5484,99.0
5484,5485,144.0
5485,5486,252.0
5486,5487,185.0
5487,5488,60.0
5492,5493,60.0
5504,5425,121.0
5516,5517,186.0
5521,5522,103.0
5522,5523,78.0
5523,5524,184.0
5524,8078,247.0
8078,5526,142.0
8078,8079,141.0
5526,5527,270.0
5527,9297,175.0
5530,5531,65.0
5531,5532,114.0
5532,5533,115.0
5533,5534,94.0
5534,5535,132.0
5535,5536,199.0
5536,5537,90.0
5537,5538,102.0
5538,5539,303.0
5539,5540,60.0
5540,3926,181.0
5663,5664,60.0
5664,5663,60.0
5664,5665,67.0
5665,5664,60.0
5665,5666,60.0
5666,5665,77.0
5666,5667,60.0
5667,5666,60.0
5667,5668,77.0
5668,5667,67.0
5668,5669,60.0
5669,5670,67.0
5670,5671,81.0
5670,5724,227.0
5671,5672,150.0
5672,5673,223.0
5672,5723,85.0
5673,5674,87.0
5674,5675,121.0
5675,5676,97.0
5676,5677,233.0
5677,5678,92.0
5678,5679,90.0
5679,5680,67.0
5680,5681,94.0
5681,5682,77.0
5682,5683,60.0
5682,5714,60.0
5683,5684,60.0
5684,5685,60.0
5685,5686,104.0
5685,5712,109.0
5686,5687,112.0
5687,5688,60.0
5688,5689,75.0
5689,5690,108.0
5690,5691,159.0
5691,5692,76.0
5692,5693,105.0
5693,5694,77.0
5694,5695,108.0
5695,5696,103.0
5696,5697,95.0
5697,5593,60.0
5699,5490,64.0
5699,5520,101.0
5700,5701,60.0
5701,5702,65.0
5702,5703,94.0
5703,5704,97.0
5704,5705,111.0
5705,5706,75.0
5706,5707,105.0
5707,5708,77.0
5708,5709,161.0
5709,5710,109.0
5710,5711,60.0
5711,5685,72.0
5712,5713,109.0
5713,5682,60.0
5714,5715,60.0
5715,5716,73.0
5716,5717,96.0
5717,5718,70.0
5718,5719,84.0
5719,5720,98.0
5720,5721,232.0
5721,5722,95.0
5722,5672,124.0
5723,5670,146.0
5724,5668,81.0
5797,2192,111.0
5797,5798,60.0
5798,865,81.0
5798,2141,81.0
886,865,118.0
886,5822,87.0
5822,868,117.0
5822,886,62.0
5822,934,62.0
868,869,61.0
868,5822,60.0
869,868,65.0
869,870,60.0
870,869,60.0
870,871,66.0
871,883,60.0
883,873,60.0
883,884,60.0
873,874,60.0
873,883,60.0
874,873,82.0
874,875,60.0
875,874,60.0
875,876,82.0
875,966,60.0
876,875,106.0
876,877,60.0
877,876,60.0
877,7273,107.0
6320,5805,116.0
6320,5812,116.0
5805,5806,62.0
5805,6163,88.0
5805,6660,60.0
5806,5805,73.0
5806,5807,60.0
5807,5806,91.0
5807,5808,73.0
5808,5809,60.0
5809,5807,60.0
5809,5810,60.0
5809,6322,60.0
5810,5811,86.0
5810,6165,70.0
5811,5810,69.0
5811,5812,71.0
5812,5811,78.0
5812,6163,60.0
5812,6669,60.0
6163,6164,60.0
6164,986,60.0
986,5773,63.0
986,5803,63.0
986,6320,75.0
986,7743,63.0
5773,1737,178.0
5773,5802,178.0
5773,6502,178.0
983,982,60.0
983,984,60.0
983,1737,60.0
982,879,60.0
982,983,105.0
879,880,105.0
879,982,60.0
880,879,74.0
880,881,60.0
881,880,60.0
881,882,73.0
882,881,60.0
882,980,60.0
882,981,60.0
981,882,60.0
981,884,60.0
884,870,60.0
884,981,60.0
884,5823,60.0
5823,884,66.0
5823,5824,60.0
5824,885,66.0
5824,5823,60.0
885,867,60.0
885,5824,64.0
867,866,64.0
867,885,143.0
866,867,60.0
866,887,117.0
5845,1746,60.0
5845,7305,60.0
5846,5847,285.0
5847,5848,60.0
5848,5849,60.0
5849,5850,60.0
5849,5877,60.0
5877,5878,68.0
5878,5879,103.0
5879,5880,86.0
5880,5881,82.0
5881,5882,60.0
5882,5883,60.0
5883,5884,69.0
5884,106830,60.0
106830,5856,68.0
5856,5857,60.0
5799,5282,105.0
5799,5800,107.0
5800,5275,60.0
5275,5281,103.0
5275,5818,60.0
5833,5831,60.0
5833,5834,68.0
5833,5865,60.0
5833,6462,60.0
5281,5801,60.0
6462,5856,70.0
6462,6312,60.0
5801,5278,60.0
6312,5867,105.0
6312,6313,105.0
5278,5802,110.0
5278,5816,60.0
5867,5868,71.0
5802,5803,67.0
5802,5815,101.0
5868,5869,60.0
5803,1033,219.0
5869,5870,67.0
5870,5871,60.0
5871,5872,60.0
5872,5873,60.0
5873,5874,78.0
5874,5875,86.0
5875,5841,112.0
5841,5842,67.0
5842,5843,60.0
5843,1040,70.0
5843,6307,70.0
5815,5278,60.0
5816,5817,60.0
5817,5276,62.0
5276,5275,60.0
5818,5819,99.0
5819,2201,107.0
5902,1047,60.0
5902,1052,60.0
5902,5901,164.0
5902,5903,154.0
5903,5902,60.0
5903,5904,60.0
5904,5903,60.0
5904,5905,60.0
5905,5904,136.0
5905,5906,60.0
5906,5905,60.0
5906,5907,137.0
5906,6283,60.0
5907,5906,98.0
5907,5908,60.0
5908,2203,95.0
5908,5907,202.0
5825,4854,60.0
4854,4855,60.0
4855,4856,81.0
4856,4857,60.0
4856,4869,176.0
4857,4858,60.0
4858,4859,103.0
4859,4860,60.0
4860,4861,60.0
4861,4862,120.0
4862,4863,107.0
4863,7258,60.0
7258,5826,60.0
5826,1011,125.0
1011,1012,179.0
1011,5827,60.0
5827,5828,85.0
5828,1007,87.0
5828,1012,87.0
1007,1008,100.0
1007,1013,60.0
1007,5861,100.0
1013,1014,105.0
1013,6687,104.0
1014,9298,60.0
9298,5829,60.0
5850,5851,86.0
5829,1017,60.0
5829,5830,60.0
5851,5852,60.0
5830,5831,86.0
5852,5837,60.0
5831,5832,79.0
5831,6415,92.0
5837,5838,60.0
5837,5853,60.0
5832,5833,60.0
5853,5854,60.0
5854,5855,60.0
5834,5835,60.0
5855,5856,60.0
5835,5836,60.0
5836,5837,92.0
5857,5858,60.0
5858,5856,60.0
5858,5859,60.0
5838,5839,60.0
5859,5860,94.0
5839,5840,60.0
5860,1004,79.0
5840,5841,60.0
1004,1005,60.0
1005,1006,60.0
1005,6024,60.0
1006,1007,60.0
5861,5862,60.0
5862,1008,76.0
1008,1010,214.0
1008,5863,85.0
5863,1010,63.0
1010,1011,60.0
1010,4750,60.0
1010,4864,130.0
1010,7229,60.0
4864,4865,60.0
4865,4866,60.0
4866,4867,107.0
4867,4868,116.0
4868,4856,62.0
4869,4870,94.0
4870,5864,60.0
5886,2132,104.0
5886,5887,203.0
5887,5886,60.0
5887,5888,105.0
5887,6282,60.0
5888,5887,134.0
5888,5889,60.0
5889,5888,60.0
5889,5890,134.0
5890,5889,63.0
5890,5891,60.0
5891,1030,60.0
5891,5890,60.0
5892,6527,60.0
5892,7912,112.0
7912,1045,110.0
7912,5894,60.0
5894,6527,60.0
5894,6945,104.0
5894,7910,111.0
5894,7912,60.0
7910,5894,60.0
7910,7909,60.0
7909,6530,60.0
7909,7910,60.0
6530,5898,60.0
6530,7909,82.0
5898,1027,78.0
5898,6530,64.0
5898,6941,83.0
5898,6943,129.0
1027,1025,60.0
1027,1026,71.0
1027,1028,117.0
6014,6015,60.0
6015,7627,64.0
7627,69,60.0
7627,6414,63.0
5971,5972,60.0
5972,5973,60.0
5973,5974,67.0
5974,5975,60.0
5975,5976,120.0
5976,5977,62.0
5977,5978,190.0
5978,5979,171.0
5979,5980,93.0
5980,5981,94.0
5981,5982,80.0
5982,5983,63.0
5983,5984,60.0
5984,5985,70.0
5985,5986,60.0
5986,5987,123.0
5987,5988,60.0
5988,5989,60.0
5989,5990,92.0
5990,584,124.0
5990,608,123.0
5991,5992,157.0
5991,5993,60.0
5992,5991,193.0
5992,5993,71.0
5993,5994,125.0
5995,5996,138.0
5996,5997,112.0
5997,7704,60.0
7704,5999,60.0
5999,6000,115.0
6000,6001,60.0
6001,6002,62.0
6002,6003,64.0
6003,6004,60.0
6414,6014,73.0
6004,6005,81.0
6005,6006,95.0
6006,6007,92.0
6006,6177,92.0
6007,6008,91.0
6008,6009,186.0
6009,6010,60.0
6010,6011,119.0
6011,6012,84.0
6012,6013,60.0
6895,4724,62.0
6895,4801,69.0
7260,5936,133.0
7260,7236,133.0
7260,106832,133.0
5936,5932,224.0
5936,7237,60.0
5932,5933,60.0
5932,5937,120.0
5932,7634,120.0
5932,106831,60.0
5937,5938,60.0
5938,5939,126.0
5939,4781,60.0
5929,5930,60.0
5930,5931,60.0
5931,5932,124.0
5931,106838,124.0
5933,7235,60.0
5933,7259,208.0
7259,5144,138.0
5909,5910,60.0
5910,5911,115.0
5911,5912,161.0
5912,5913,65.0
5912,5956,60.0
5912,5966,60.0
5913,5914,60.0
5914,5915,66.0
5915,5916,60.0
5916,5917,86.0
5917,5918,64.0
5918,5919,64.0
5919,5920,107.0
5920,5921,60.0
5921,5922,101.0
5922,5923,116.0
5923,5924,123.0
5924,5925,120.0
5925,5926,204.0
5926,5927,60.0
5927,5928,488.0
5928,4720,94.0
6030,6031,60.0
6030,6276,60.0
6031,6032,111.0
6032,6033,60.0
6033,6034,60.0
6034,6035,60.0
6034,6259,60.0
6035,2126,60.0
6038,2123,95.0
6038,6951,63.0
6038,7302,63.0
6038,7304,63.0
106831,7259,62.0
6039,6040,60.0
6040,6041,99.0
6040,7065,60.0
6041,6042,61.0
6041,6265,60.0
6042,6043,60.0
6043,6044,68.0
6044,6821,104.0
106832,5932,92.0
5940,5941,60.0
5941,5942,355.0
5942,5943,496.0
5943,5944,60.0
5944,5945,207.0
5945,5946,111.0
6017,6018,60.0
5946,5947,103.0
5947,5948,138.0
6018,6019,60.0
5948,5949,70.0
6019,6026,60.0
5949,5950,82.0
6026,6021,93.0
6026,6027,60.0
5950,5951,74.0
6021,6022,60.0
5951,5952,101.0
6022,6023,84.0
6022,6025,121.0
5952,5953,73.0
6023,1014,101.0
5953,5954,68.0
5954,5955,60.0
5955,5912,65.0
1017,1018,60.0
5956,5957,68.0
1018,1019,91.0
5957,5909,168.0
1019,1020,78.0
1020,1021,60.0
1021,1022,90.0
1022,1023,74.0
1023,1024,60.0
996,997,71.0
997,998,60.0
998,999,70.0
998,6341,70.0
999,1000,60.0
1000,1001,60.0
1001,1002,77.0
1002,5860,88.0
6024,6022,60.0
6025,6026,81.0
6027,6028,105.0
6028,6017,60.0
5958,5959,60.0
5959,5960,60.0
5960,5961,80.0
5960,5970,76.0
5961,5962,76.0
5962,5963,102.0
5963,5964,82.0
5964,5965,441.0
5964,5967,103.0
5965,5964,169.0
5965,5966,103.0
5966,5912,168.0
5966,5965,60.0
5967,5968,164.0
5968,5969,83.0
5969,5960,106.0
5970,5958,99.0
6045,6046,74.0
6046,6047,60.0
6047,6048,73.0
6048,6049,60.0
6049,6050,74.0
6050,7459,87.0
7459,6052,121.0
6052,6053,113.0
6052,6100,170.0
6052,6209,113.0
6053,6054,175.0
6054,6055,60.0
6054,6099,60.0
6055,6054,80.0
6055,6056,60.0
6056,6129,80.0
6129,6130,60.0
6129,6161,61.0
6130,6059,60.0
6130,6129,60.0
6059,6060,60.0
6059,6094,60.0
6059,6130,85.0
6059,7054,60.0
6060,6061,102.0
6061,6062,90.0
6061,6094,102.0
6062,6063,106.0
6063,6064,93.0
6064,6065,67.0
6065,6066,67.0
6066,6067,66.0
6067,849,69.0
6068,6069,80.0
6069,6070,82.0
6069,6086,122.0
6070,6071,125.0
6071,6072,61.0
6072,6073,89.0
6073,6074,60.0
6074,6076,124.0
6074,6080,124.0
6080,6076,121.0
6080,6080,60.0
6080,6081,60.0
6076,6076,109.0
6076,6077,60.0
6076,6080,60.0
6077,763,60.0
6078,6076,60.0
6078,6080,60.0
6081,6082,115.0
6082,6083,132.0
6083,6084,60.0
6084,6085,76.0
6085,6069,79.0
6086,6087,60.0
6088,6089,62.0
6089,6090,77.0
6090,6091,60.0
6091,6092,60.0
6092,6093,96.0
6093,6061,78.0
6094,6059,60.0
6094,6131,86.0
6094,6510,86.0
6094,6516,92.0
6516,6159,106.0
6516,6468,60.0
6159,6160,60.0
6159,6516,60.0
6160,6098,60.0
6160,6128,60.0
6160,6159,66.0
6098,6055,63.0
6099,6052,60.0
6100,6101,109.0
6100,6225,115.0
6101,6102,113.0
6102,6103,90.0
6103,6104,87.0
6104,6105,60.0
6105,6106,77.0
6106,5172,60.0
5151,5129,72.0
5151,6595,72.0
5152,5125,60.0
1028,1027,73.0
1028,1029,60.0
1028,5901,60.0
1029,1028,138.0
1029,1030,76.0
966,873,75.0
966,967,63.0
967,966,60.0
967,968,68.0
967,6906,84.0
968,969,74.0
968,6906,60.0
968,6907,60.0
969,970,60.0
970,5286,60.0
5286,6144,60.0
6144,973,64.0
6183,6184,60.0
6184,6185,170.0
6185,6186,120.0
6186,6187,118.0
6187,6172,105.0
6172,6173,81.0
6173,6174,83.0
6174,6175,164.0
6175,6176,60.0
6176,5978,60.0
7763,593,60.0
7763,600,60.0
7763,3844,87.0
7701,5996,121.0
6177,6178,163.0
6178,6179,60.0
6179,6180,71.0
6180,6181,170.0
6181,6188,65.0
6188,6189,91.0
6189,6190,105.0
6190,6191,114.0
6191,6192,123.0
975,976,191.0
976,977,60.0
977,978,60.0
978,979,60.0
978,6911,101.0
979,980,82.0
979,7222,65.0
980,880,64.0
980,979,60.0
980,5274,64.0
7047,835,109.0
7047,7137,60.0
7137,7138,60.0
7138,7139,60.0
7139,7140,102.0
7140,7134,60.0
7140,7141,60.0
7141,7133,60.0
7141,7140,60.0
7141,7142,60.0
7142,7143,60.0
7143,7129,60.0
7143,7144,60.0
7129,7130,142.0
7129,7145,118.0
7145,7146,144.0
7146,7147,60.0
7147,7148,60.0
7148,7149,70.0
7149,7150,60.0
7150,7151,83.0
7151,7152,60.0
7151,106478,60.0
106478,7122,123.0
106478,106479,87.0
106479,6193,122.0
106479,106478,88.0
6193,6194,88.0
6193,106479,60.0
6194,6195,60.0
6195,6196,77.0
6196,6197,60.0
6197,6198,60.0
6197,6233,60.0
6198,823,60.0
6198,6197,60.0
6199,928,68.0
6202,6203,254.0
6203,6204,105.0
6204,6205,60.0
6205,6206,60.0
6206,6207,134.0
6207,6208,74.0
6208,7459,208.0
6209,6210,155.0
6210,7445,70.0
7445,6212,80.0
6212,6213,82.0
6213,6214,60.0
6214,6215,63.0
6215,2123,82.0
6215,6038,82.0
6215,6950,82.0
6216,5844,60.0
6216,6260,60.0
6107,6108,60.0
6108,6109,60.0
6109,6110,81.0
6110,6111,103.0
6111,6112,60.0
6112,6113,75.0
6217,7308,80.0
6113,6114,164.0
6114,6115,97.0
7449,106833,66.0
6115,6116,81.0
106833,6218,60.0
6116,1854,233.0
6218,7452,202.0
7452,6220,88.0
6220,7454,65.0
7454,6222,69.0
6222,6223,71.0
6223,6224,76.0
6224,6052,69.0
6225,6226,134.0
6226,6227,176.0
6227,6228,72.0
6228,6229,137.0
6229,6230,60.0
6230,7465,60.0
7465,930,103.0
813,6885,72.0
6885,6886,71.0
6886,6887,115.0
6887,817,60.0
6887,7482,60.0
817,6880,93.0
817,6888,87.0
6880,6881,60.0
6881,820,95.0
820,6882,87.0
6882,822,87.0
6233,6234,60.0
6234,6235,60.0
6235,6193,80.0
7122,7123,89.0
7123,7124,60.0
7124,7125,82.0
7125,7126,60.0
7126,7127,69.0
7127,7128,60.0
7128,7129,60.0
7130,7131,101.0
7131,7141,60.0
7134,7135,60.0
7135,7136,98.0
7136,6897,62.0
7136,7047,62.0
6897,916,60.0
6897,6973,168.0
6897,7016,60.0
6897,7137,168.0
352,353,164.0
6117,6118,111.0
6118,6119,234.0
6119,6120,67.0
6120,6121,103.0
6121,6122,171.0
6122,6123,73.0
6123,6124,60.0
6124,6125,108.0
6125,6126,60.0
6126,4693,75.0
1748,319,60.0
1748,1323,60.0
6397,6395,60.0
6395,6396,60.0
6395,6398,125.0
6398,6399,60.0
6399,6400,60.0
6400,6401,60.0
6401,6402,132.0
6402,6403,60.0
6403,6404,60.0
6404,6405,60.0
6405,6406,60.0
6406,6407,60.0
6407,6408,76.0
6408,6409,65.0
6409,6382,87.0
6382,6383,60.0
6382,6410,76.0
6410,101,60.0
6252,6253,60.0
6253,6254,81.0
6254,6255,78.0
6255,6256,60.0
6256,6257,60.0
6257,7060,60.0
7060,6034,103.0
6259,2125,64.0
6250,6251,66.0
6251,1322,136.0
6381,6382,65.0
6383,6384,60.0
6384,6385,109.0
6385,6386,68.0
6386,6387,75.0
6387,6388,60.0
6388,6389,60.0
6389,6390,134.0
6390,6391,60.0
6391,6392,73.0
6392,6393,217.0
6393,6394,190.0
6394,6395,60.0
6396,6,60.0
7791,5991,267.0
7791,5992,267.0
6261,6262,60.0
6262,1642,292.0
6264,6040,60.0
6265,6266,104.0
6266,6267,60.0
6267,6268,60.0
6268,6269,82.0
8321,5327,60.0
8321,6236,60.0
6236,6237,60.0
6237,6238,75.0
6238,6239,89.0
6239,6240,103.0
6240,6241,77.0
6241,6242,69.0
6242,68,64.0
6243,6244,60.0
6244,6245,91.0
6245,6246,60.0
6246,6247,80.0
6247,6248,105.0
6248,6249,86.0
6249,8321,74.0
6430,248,115.0
7051,6432,60.0
6432,6424,68.0
6424,6326,80.0
6424,6332,107.0
6424,6476,182.0
6424,6477,85.0
6424,7050,106.0
6332,6333,89.0
6332,6451,89.0
6333,6334,167.0
6334,5809,60.0
6433,6434,103.0
6434,6435,65.0
6435,6436,67.0
6436,6437,117.0
6437,6438,60.0
6438,6439,82.0
6439,6440,60.0
6440,5858,69.0
6415,6416,60.0
6416,6417,73.0
6417,6418,60.0
6418,6419,76.0
6419,6420,60.0
6420,6421,117.0
6421,6422,68.0
6422,993,64.0
6166,6167,90.0
6167,6168,60.0
6168,6169,60.0
6169,986,96.0
6322,6323,82.0
6323,6324,63.0
6324,6424,104.0
6326,6327,82.0
6327,777,101.0
6427,472,60.0
6451,6324,71.0
6451,6452,94.0
6452,6453,66.0
6452,6673,66.0
6453,6452,113.0
6453,6454,66.0
6454,6453,77.0
6454,6455,112.0
6455,6299,78.0
6455,6454,82.0
6299,6292,77.5
6299,6455,60.0
6299,6456,60.0
6456,6299,60.0
6456,6300,76.0
6300,695,60.0
6300,6299,73.0
6300,6456,60.0
695,6289,60.0
695,6290,80.0
695,6300,60.0
695,6444,60.0
6289,695,79.0
6289,6300,75.0
6289,6458,60.0
6289,6672,60.0
6458,6459,85.0
6459,6460,98.0
6460,3849,62.0
6341,6342,97.0
6342,6461,129.0
6461,6462,135.0
5865,5835,60.0
5865,5866,60.0
5866,6313,70.0
6313,6314,121.0
6314,1021,133.0
6441,6442,60.0
6442,6443,60.0
6443,6444,103.0
6444,695,60.0
6444,6288,75.0
6444,6657,60.0
6290,695,60.0
6290,6444,91.0
6290,6445,60.0
6445,6290,103.0
6445,6446,60.0
6446,6290,152.0
6446,6445,60.0
6446,6447,60.0
6447,6446,74.0
6447,6448,88.0
6448,6447,118.0
6448,6449,73.0
6449,6448,60.0
6449,6450,118.0
6450,6449,63.0
6450,6451,60.0
6450,6484,60.0
6276,6277,60.0
6277,6278,60.0
6278,6279,60.0
6279,6280,60.0
6280,6281,60.0
6281,6282,108.0
6282,2132,101.0
6282,5907,98.0
6282,6463,138.0
6282,6499,132.0
6282,6500,101.0
6282,6505,138.0
5282,966,78.0
5274,5819,62.0
6463,6305,95.0
6305,6464,65.0
6464,6465,96.0
6465,6044,60.0
6162,6161,60.0
6161,6129,70.0
6161,6162,64.0
6131,6132,71.0
6132,6466,94.0
6466,6134,101.0
6134,6135,60.0
6135,6136,63.0
6136,6137,60.0
6137,6138,80.0
6138,6139,67.0
6139,6140,112.0
6140,6141,84.0
6141,2134,60.0
6502,6503,179.0
6510,6511,99.0
6503,6504,89.0
6511,6512,120.0
6511,6820,264.0
6511,7764,60.0
6504,6282,81.0
6512,6496,60.0
6512,6511,60.0
6496,6497,60.0
6496,6512,153.0
6505,6282,60.0
6505,6506,99.0
6497,6496,79.0
6497,6498,149.0
6506,6507,60.0
6498,6497,60.0
6498,6499,77.0
6498,6505,77.0
6507,6508,81.0
6499,6282,60.0
6499,6498,101.0
6508,6497,146.0
6508,6513,60.0
6513,6508,60.0
6513,6514,146.0
6500,6501,156.0
6514,6513,158.0
6514,6515,60.0
6514,6822,335.0
6501,5803,146.0
6515,6468,160.0
6515,6514,60.0
6468,6515,97.0
6468,6516,60.0
6128,6127,68.0
6128,6160,66.0
6127,6128,60.0
6149,6150,133.0
6150,6151,63.0
6151,6152,77.0
6152,6153,113.0
6153,6154,149.0
6154,6155,60.0
6155,6156,60.0
6156,6133,64.0
6133,6157,60.0
6157,6158,109.0
6158,6468,91.0
7589,6470,229.0
6470,6482,90.0
6470,6912,98.0
6470,106834,98.0
106834,106813,89.0
6471,599,89.0
6471,6472,60.0
6471,6922,89.0
6472,6473,89.0
6473,6474,60.0
6474,6475,61.0
6474,6480,99.0
6475,6476,92.0
6475,7050,92.0
6476,6424,89.0
6476,6479,87.0
6477,2104,182.0
6477,6424,146.0
6479,6474,82.0
6480,6452,60.0
6480,6480,60.0
6480,6481,60.0
6481,6471,60.0
106484,6470,87.0
6482,15,98.0
6482,7611,98.5
6581,6582,60.0
6582,6581,60.0
6582,6583,69.0
6583,6582,60.0
6583,6584,60.0
6584,6583,60.0
6584,6585,60.0
6585,6584,155.0
6585,6601,60.0
6601,6585,200.0
6601,6602,186.0
6602,6588,176.0
6602,6601,147.0
6588,6599,171.0
6588,6602,106.0
6588,6876,106.0
6599,6588,60.0
6599,6598,106.0
6598,6591,60.0
6598,6599,115.0
6591,6590,60.0
6591,6592,115.0
6591,6598,60.0
6592,6591,92.0
6592,6593,60.0
6593,6592,60.0
6593,6594,92.0
6594,6593,69.0
6594,6595,60.0
6595,5130,69.0
6595,6594,93.0
5142,5143,173.0
6483,6450,60.0
6657,6444,60.0
6657,6658,84.0
6658,6657,60.0
6658,6659,60.0
6659,6658,91.0
6659,6660,60.0
6660,5805,92.0
6660,6659,101.0
6647,6648,60.0
6648,6649,136.0
6649,6650,120.0
6649,6667,77.0
9284,9283,60.0
6650,6651,78.0
9283,9282,96.0
9283,9284,102.0
6651,6652,72.0
9282,9281,102.0
9282,9283,75.0
6652,6653,77.0
9281,691,75.0
9281,9282,93.0
6653,6654,60.0
6654,6655,60.0
6655,691,60.0
6655,6662,60.0
6662,6663,60.0
6663,6664,60.0
6664,6665,60.0
6665,6666,78.0
6666,6649,72.0
6667,6668,119.0
6668,703,85.0
6669,5812,89.0
6669,7732,82.0
7732,6669,60.0
7732,6671,89.0
6671,6672,60.0
6671,7732,60.0
6672,6289,60.0
6672,6671,82.0
6517,6518,60.0
6518,6519,60.0
6518,6541,60.0
6519,6520,60.0
6520,6521,60.0
6521,6522,60.0
6522,6523,62.0
6523,6524,74.0
6524,6525,60.0
6525,3844,62.0
6604,6605,78.0
6606,6607,60.0
6607,6608,100.0
6608,6609,81.0
6609,6610,60.0
6610,6611,60.0
6611,6612,60.0
6612,6613,65.0
6613,6614,61.0
6614,6615,152.0
6615,6616,101.0
6616,6617,82.0
6617,6618,60.0
6618,6619,101.0
6619,6620,60.0
6620,6621,71.0
6621,6622,132.0
6622,6623,78.0
6623,6624,61.0
6624,6598,144.0
6590,6625,113.0
6625,6626,141.0
6626,6627,162.0
6626,106841,162.0
6627,6628,60.0
6628,6629,73.0
6629,6630,132.0
6630,6893,66.0
6893,6632,60.0
6632,6633,60.0
6633,6634,60.0
6634,6635,134.0
6635,6636,87.0
6636,6637,146.0
6637,6638,82.0
6638,6639,73.0
6639,6640,60.0
6640,6641,60.0
6641,6642,60.0
6642,6643,72.0
6643,6644,60.0
6644,6645,60.0
6645,4728,138.0
6543,2185,92.0
6941,994,64.0
6941,1025,64.0
6941,5898,60.0
6533,6534,78.0
6534,6535,60.0
6535,6536,61.0
6536,6537,60.0
6537,6538,72.0
6538,6539,78.0
6539,6540,60.0
6540,6518,60.0
6541,57,60.0
106565,106566,60.0
106566,106565,63.0
106566,106567,69.0
106567,106566,71.0
106567,106568,63.0
106568,106567,181.0
106568,106569,71.0
106569,106568,60.0
106569,106570,181.0
106570,6864,60.0
106570,106569,60.0
6864,6865,60.0
6864,106570,60.0
6865,106571,61.0
106571,6866,60.0
106571,106572,60.0
6866,6867,60.0
6866,106571,76.0
6867,6866,71.0
6867,6868,76.0
6868,6867,85.0
6868,6869,71.0
6869,6868,68.0
6869,6870,85.0
6870,6869,71.0
6870,6871,68.0
6871,4737,71.0
6871,6870,72.0
106838,106831,60.0
106572,6864,60.0
106679,1197,60.0
106679,106678,60.0
106678,106677,60.0
106678,106679,60.0
106677,106676,60.0
106677,106678,60.0
106676,6900,60.0
106676,106677,60.0
6900,6901,104.0
6900,106675,60.0
106675,6697,60.0
106675,6917,140.0
6688,17,80.0
6688,6689,158.0
6917,6918,61.0
6917,106676,60.0
6308,6263,103.0
6308,106792,77.0
106792,1043,60.0
6800,6801,67.0
6801,6802,60.0
6802,6803,93.0
6803,106886,102.0
106886,6804,74.0
106886,6838,60.0
6804,6805,76.0
6805,6806,60.0
6806,6836,72.0
6806,106839,146.0
106839,6806,106.0
106839,6808,72.0
6808,6809,60.0
6809,6778,65.0
6778,6774,64.0
6778,6834,87.0
6774,6775,106.0
6775,6776,87.0
6776,6777,60.0
6776,6810,60.0
6810,6811,60.0
6811,6812,93.0
6812,6813,69.0
6813,6814,74.0
6814,6815,60.0
6815,6816,63.0
6816,6817,60.0
6817,6818,60.0
6818,6819,86.0
6819,6511,75.0
6821,6514,60.0
6820,6030,360.0
6822,6823,237.0
6823,6824,79.0
6824,6825,84.0
6825,6826,90.0
6826,6827,60.0
6827,6828,60.0
6828,6829,60.0
6829,6830,80.0
6830,6831,60.0
6831,6797,90.0
6797,6798,60.0
6798,6799,60.0
6799,6832,79.0
6832,6833,129.0
6833,6834,60.0
6834,6780,67.0
6834,106839,60.0
6836,6837,142.0
6837,106886,82.0
3334,240,86.0
6838,6839,72.0
6839,6840,101.0
5555,5556,60.0
6840,6841,98.0
6841,700,60.0
6777,6778,67.0
6780,7083,138.0
7083,7099,66.0
7099,7085,60.0
7085,7086,67.0
7086,6785,68.0
6785,6786,142.0
6786,858,60.0
7091,6788,86.0
6788,6789,60.0
6789,7094,60.0
7094,6791,67.0
6791,6792,63.0
6792,6793,60.0
6793,6794,171.0
6794,6795,136.0
6795,6831,73.0
6850,6851,77.0
6851,6852,210.0
6852,6853,131.0
6853,6854,94.0
6854,6855,73.0
6855,6856,60.0
6856,6842,60.0
6842,6843,60.0
6843,6844,62.0
6844,6845,60.0
6845,6846,60.0
6846,6847,71.0
6847,6848,94.0
6848,6849,132.0
6849,4720,208.0
6920,15,98.0
6920,6921,85.0
6921,6471,98.0
6922,6920,77.0
6876,6877,1106.0
6877,6878,138.0
6878,6879,225.0
6879,6880,95.0
835,836,151.0
835,7047,150.0
6884,928,60.0
6888,6889,94.0
6889,6890,170.0
6890,6891,64.0
6891,6589,102.0
6589,6590,1357.0
106841,6628,60.0
2745,6931,66.0
6931,6925,117.0
6925,2741,69.0
6925,6933,84.0
6933,2296,71.0
6909,7101,101.0
7101,978,60.0
6911,979,60.0
6934,1170,60.0
6292,6912,71.0
6912,6470,60.0
6912,106659,82.0
7611,15,76.0
7611,7587,77.0
6914,54,112.0
106843,6694,60.0
6916,6917,60.0
6918,6919,105.0
6919,5034,69.0
6924,6925,164.0
2741,2740,84.0
2740,1568,111.0
85,543,60.0
6898,6899,77.0
6899,6900,63.0
6901,6694,62.0
106842,6696,60.0
6903,6904,98.0
6904,7589,144.0
106659,6446,60.0
6906,967,60.0
6906,968,60.0
6907,6908,106.0
6908,935,60.0
6950,6038,60.0
6951,6218,75.0
1015,994,81.0
1015,1025,76.0
6943,5898,60.0
6943,6531,60.0
6943,6944,69.0
6944,6943,60.0
6944,6945,60.0
6945,5894,60.0
6945,6944,60.0
6527,1743,103.0
6527,5894,60.0
7054,7055,60.0
7055,7056,100.0
7056,7057,69.0
7057,8892,60.0
8892,7059,60.0
7059,6306,60.0
6306,7060,112.0
7016,7017,198.0
7017,7018,103.0
7018,7019,66.0
7019,7020,133.0
7020,7021,107.0
7021,7022,60.0
7022,7023,82.0
7023,106731,136.0
106731,7007,116.0
106731,7024,60.0
7024,7025,111.0
7025,7026,68.0
7026,7027,60.0
7027,7028,144.0
7028,7029,60.0
7029,7030,60.0
7030,7031,61.0
7031,6998,60.0
6998,6999,112.0
6998,7032,91.0
7032,7033,109.0
7033,7034,95.0
7034,5237,81.0
6982,6983,180.0
6983,6984,166.0
6984,6985,70.0
6985,6986,277.0
6986,6987,61.0
6987,6988,155.0
6988,6989,94.0
6989,6990,128.0
6990,6991,69.0
6991,2830,175.0
6992,5189,60.0
7036,2865,161.0
7037,7038,98.0
7038,7039,193.0
7039,7040,62.0
7040,7041,120.0
7041,7042,95.0
7042,7043,157.0
7043,7044,60.0
7662,89,60.0
7044,7045,291.0
7045,7046,63.0
7046,2455,167.0
6995,6996,194.0
6996,6997,76.0
6997,6998,95.0
106828,7920,60.0
6999,7000,88.0
7000,7001,67.0
7001,7002,60.0
7002,7003,60.0
7003,7004,60.0
7004,7005,141.0
7005,7006,60.0
7006,106731,65.0
7007,7008,60.0
7008,7009,60.0
7009,7010,135.0
7010,7011,102.0
7011,7012,107.0
7012,7013,137.0
7013,7014,68.0
7014,916,95.0
7065,6275,60.0
6275,7066,98.0
7066,7067,121.0
7067,7068,60.0
7068,7069,60.0
7069,7070,60.0
7070,7071,69.0
7071,6516,66.0
6674,6675,60.0
6675,6674,60.0
6675,6754,177.0
6754,6675,62.0
6754,6677,60.0
6677,6678,63.0
6677,6754,60.0
6678,6677,60.0
6678,6755,60.0
6755,6678,60.0
6755,6680,60.0
6680,6681,60.0
6680,6755,86.0
6681,6680,92.0
6681,6682,85.0
6683,1006,212.0
6683,4771,107.0
6683,6684,321.0
6684,6683,68.0
6684,6745,124.0
6745,6684,60.0
6745,6686,66.0
6686,6734,60.0
6686,6745,205.0
6734,6683,123.0
6734,6686,62.0
6734,6735,203.0
6734,6949,503.0
6735,6949,72.0
6949,6734,88.0
6949,6765,123.0
6949,6768,89.0
6765,594,89.0
6765,6738,89.0
6738,594,60.0
6484,6473,71.0
7050,6424,92.0
7050,6474,60.0
7050,7050,82.0
6165,5809,60.0
6526,6527,117.0
7207,6949,149.0
6768,6734,61.0
1012,1013,208.0
7110,7111,60.0
7111,7166,60.0
7166,7113,128.0
7166,7428,128.0
7113,7428,60.0
7428,7115,60.0
7428,7429,96.0
7115,7116,95.0
7116,7117,247.0
7117,7118,60.0
7118,7119,104.0
7119,7120,70.0
7120,7121,76.0
7121,7122,133.0
7133,7134,60.0
6952,6980,60.0
6980,6979,143.0
6980,6981,68.0
6979,6980,60.0
6979,7188,68.0
7188,6956,60.0
6956,6957,70.0
6957,6958,60.0
6958,6977,120.0
6977,7189,60.0
7189,7190,134.0
7190,7191,114.0
7191,7192,69.0
7192,7193,136.0
7193,7194,129.0
7194,7195,113.0
7195,7196,63.0
7196,7197,70.0
7197,7198,93.0
7198,7199,141.0
7199,7200,205.0
7200,7201,175.0
7201,7202,86.0
7202,7047,120.0
6973,6972,140.0
6972,6971,121.0
6971,6970,80.0
6970,6969,185.0
6969,6968,201.0
6968,6967,150.0
6967,6966,88.0
7144,7145,123.0
6966,6965,107.0
6965,6964,60.0
6964,6963,123.0
6963,6962,160.0
6962,6961,83.0
6961,6960,67.0
6960,7203,126.0
7203,7204,131.0
7152,7153,101.0
7204,7205,60.0
7153,7154,131.0
7205,7206,115.0
7154,7155,82.0
7206,6978,60.0
7155,7156,73.0
6978,6979,70.0
7156,7157,100.0
7157,7158,60.0
7158,7478,248.0
7478,7160,91.0
7478,7479,69.0
7160,7479,60.0
7479,7162,100.0
7162,7163,117.0
7222,978,60.0
7249,7250,60.0
7250,7271,63.0
7271,7252,100.0
7271,7269,72.0
7252,7253,74.0
7253,7254,64.0
7254,7255,60.0
7255,7256,60.0
7256,7257,64.0
7257,1010,60.0
7229,7230,60.0
7230,7231,175.0
7231,7232,60.0
7232,7233,60.0
7233,7234,65.0
7234,5933,60.0
7235,7259,60.0
578,535,62.0
7220,572,130.0
7220,5024,60.0
576,577,60.0
7236,5936,103.0
7237,7238,60.0
7238,7239,60.0
7239,7240,60.0
7240,7241,60.0
7241,7242,60.0
7242,1010,173.0
7263,7275,267.0
7275,7276,60.0
7276,7266,101.0
7266,7267,60.0
7267,7268,60.0
7268,7271,66.0
7269,7249,102.0
7322,7288,60.0
7288,2141,112.0
7303,7304,60.0
7429,7430,74.0
7430,7431,68.0
7431,7432,170.0
7432,7433,108.0
7433,7434,60.0
7434,7435,81.0
7435,7436,60.0
7436,7437,60.0
7437,7438,82.0
7438,6879,60.0
7481,6885,60.0
7482,7483,94.0
7483,7484,170.0
7484,7485,60.0
7485,7486,93.0
7486,7473,60.0
7473,7488,60.0
7488,7489,79.0
7489,7476,60.0
7476,7491,99.0
7491,7492,174.0
7492,7478,75.0
7734,3844,88.0
7734,7735,87.0
6531,6941,60.0
7325,7326,60.0
7370,7371,60.0
7326,7327,60.0
7371,7372,78.0
7327,7328,66.0
7372,7373,78.0
7328,7329,128.0
7373,7374,60.0
7329,7330,88.0
7374,7375,156.0
7330,7331,110.0
7375,7376,83.0
7331,7407,90.0
7376,7377,64.0
7407,7333,83.0
7407,7408,60.0
7377,7378,97.0
7333,7334,129.0
7378,7379,127.0
7378,7560,127.0
7334,7335,106.0
7379,7380,124.0
7335,7336,116.0
7335,7405,60.0
7380,7381,79.0
7336,7337,122.0
7381,7382,132.0
7337,7338,120.0
7382,7383,68.0
7338,7339,78.0
7383,7384,129.0
7339,7340,166.0
7384,7385,109.0
7340,7341,62.0
7385,7386,79.0
7341,7342,154.0
7386,7387,74.0
7342,7343,142.0
7387,7388,61.0
7343,7344,129.0
7388,7389,321.0
7344,7345,78.0
7389,7390,93.0
7345,7346,100.0
7390,7391,145.0
7346,7347,129.0
7391,7392,187.0
7347,7348,60.0
7392,7393,60.0
7348,7349,60.0
7393,7394,60.0
7349,7350,183.0
7394,7395,131.0
7350,7351,141.0
7395,7396,102.0
7351,7352,92.0
7396,7397,75.0
7352,7353,330.0
7397,7398,130.0
7353,7354,60.0
7398,7399,142.0
7354,7355,87.0
7399,7400,158.0
7355,7356,69.0
7400,7401,60.0
7356,7357,116.0
7401,7402,170.0
7357,7358,123.0
7402,7403,76.0
7358,7359,74.0
7403,7335,228.0
7359,7360,125.0
7360,7361,78.0
7405,7406,121.0
7361,7362,103.0
7406,7407,211.0
7362,7363,127.0
7363,7364,93.0
7408,7409,81.0
7364,7365,60.0
7409,7410,88.0
7365,7366,94.0
7410,7411,117.0
7366,7367,150.0
7411,7412,90.0
7367,7368,60.0
7412,7413,125.0
7368,7369,79.0
7413,7325,61.0
7369,4713,83.0
106876,3361,139.0
106744,106745,60.0
106745,106744,104.0
106745,106746,60.0
106746,106745,64.0
106746,106747,104.0
106747,106746,136.0
106747,106748,63.0
106748,106747,148.0
106748,106749,137.0
106749,106748,126.0
106749,106750,148.0
106750,106749,147.0
106750,106751,125.0
106751,106750,188.0
106751,106752,148.0
106752,106751,128.0
106752,106753,103.0
106753,106752,60.0
106753,106754,213.0
106754,106753,94.0
106754,106755,60.0
106755,7541,94.0
106755,106754,61.0
7541,7542,60.0
7541,106755,99.0
7542,7541,87.0
7542,7543,100.0
7543,7542,60.0
7543,7544,86.0
7544,7543,71.0
7544,7545,60.0
7545,7544,60.0
7545,7546,72.0
7546,7545,141.0
7546,7547,60.0
7547,7548,142.0
7548,7549,60.0
7549,7550,60.0
7550,7551,60.0
7550,7568,123.0
7551,7552,125.0
7552,7553,60.0
7553,7554,157.0
7554,7555,60.0
7555,7556,104.0
7556,7557,64.0
7557,7558,60.0
7558,7559,273.0
7558,7561,60.0
7559,7361,71.0
7560,7558,117.0
7561,7562,111.0
7562,7563,60.0
7563,7564,60.0
7564,7565,60.0
7565,7566,60.0
7566,7567,160.0
7567,7550,60.0
7568,7569,60.0
7569,7570,60.0
7570,7546,60.0
6288,6289,65.0
6288,6302,77.0
6302,6286,65.0
6286,6285,78.0
6286,6287,123.0
6285,1031,123.0
6285,6286,357.0
6303,6304,108.0
6304,5888,114.0
7764,6094,191.0
6283,6284,78.0
6284,1739,120.0
6287,6288,79.0
7634,7635,124.0
7635,7636,62.0
7636,7637,60.0
7637,7638,60.0
7638,7644,11951.0
7644,7645,114.0
7645,7646,66.0
7641,7642,60.0
7642,7643,73.0
7643,7630,67.0
7630,4747,121.0
4747,7631,155.0
7631,7632,65.0
7632,7633,60.0
7633,5932,105.0
7783,4825,155.0
7783,7788,155.0
7781,4829,106.0
7781,4841,1172.0
7781,7786,1171.0
7794,7795,60.0
7795,7796,60.0
7795,7811,60.0
7796,7795,218.0
7796,7797,60.0
7797,7798,238.0
7798,7799,60.0
7799,7800,92.0
7800,7801,60.0
7801,7802,60.0
7802,5549,60.0
5549,5550,87.0
5550,636,70.0
636,5552,115.0
5552,665,60.0
665,5553,106.5
5553,5565,60.0
5565,668,60.0
5565,7941,60.0
668,3295,60.0
671,5565,151.0
7941,673,60.0
673,674,60.0
674,7803,129.0
7803,5568,60.0
5568,5569,60.0
5569,5570,104.0
5569,7805,104.0
7805,7806,60.0
7806,7807,91.0
7807,7808,60.0
7808,7809,210.0
7809,7810,165.0
7810,7796,66.0
7788,4825,136.0
9299,7886,78.0
4841,4842,1703.0
7790,4845,124.0
4500,1939,60.0
4500,4499,62.0
4499,396,60.0
4499,4500,85.0
4486,376,60.0
4486,4485,60.0
4485,1916,60.0
4485,4486,60.0
208,217,60.0
208,290,193.0
648,647,60.0
647,646,60.0
646,645,60.0
645,232,71.0
8042,1959,60.0
644,643,78.0
643,642,76.0
642,641,60.0
7812,7813,60.0
7813,7870,310.0
7870,7815,60.0
7870,7842,130.0
7815,7870,60.0
7815,7871,144.0
7871,7815,124.0
7871,7817,60.0
7817,7818,123.0
7818,7851,60.0
7818,7959,61.0
7851,7872,76.0
7872,7868,60.0
7868,7874,60.0
7868,7964,125.0
7874,7866,130.0
7866,7854,64.0
7866,7856,64.0
7866,7867,106.0
7854,7856,60.0
7854,7866,60.0
7856,7824,103.0
7824,5541,68.0
5541,5542,216.0
5542,5543,60.0
5543,5574,101.0
5574,7837,67.0
5574,7876,167.0
7876,5546,79.0
5546,5547,60.0
5547,5548,110.0
5548,5549,60.0
5570,7864,91.0
7864,7865,60.0
7865,5545,112.0
5545,5574,60.0
7837,5576,164.0
5576,5577,99.0
5577,7838,60.0
7838,7839,211.0
7839,7854,61.0
7839,7866,61.0
7867,7868,69.0
7964,7957,60.0
7957,7818,60.0
7957,7997,60.0
7959,7871,60.0
7842,7844,60.0
8044,8045,71.0
8045,7775,79.0
7775,7776,60.0
7775,8046,60.0
7776,7777,64.0
7777,208,60.0
106880,289,81.0
7778,7779,60.0
7779,7775,65.0
8046,8047,60.0
8047,4504,70.0
8048,8049,60.0
8049,8050,60.0
8049,8054,67.0
8050,8051,69.0
8051,2011,60.0
8052,8053,69.0
8053,8049,60.0
7985,7986,60.0
7986,7987,123.0
7987,7988,60.0
7988,7989,74.0
7989,8024,93.0
8024,7991,120.0
7991,7992,60.0
7992,7993,91.0
7993,7994,79.0
7994,7851,96.0
7997,7998,78.0
7998,7999,92.0
7999,8000,80.0
8000,8001,79.0
8001,8002,60.0
8002,8003,126.0
8003,8004,95.0
8004,8005,73.0
8005,8006,60.0
8006,7984,128.0
7965,7966,60.0
7966,7967,66.0
7967,7968,81.0
7968,7969,90.0
7969,7970,182.0
7970,7971,60.0
7971,7972,117.0
7972,7973,230.0
7973,7974,125.0
7974,7975,169.0
7974,8015,60.0
7975,7976,60.0
7976,7977,437.0
7977,7978,434.0
7978,7979,108.0
7979,7980,134.0
7980,7981,65.0
7981,7982,142.0
7982,7983,123.0
7983,7984,274.0
7983,8007,102.0
7984,7983,60.0
7984,7985,102.0
8007,8008,270.0
8008,8009,126.0
8009,8010,142.0
8010,8011,66.0
8011,8012,133.0
8012,8013,109.0
8013,8014,437.0
8014,7974,434.0
8015,8016,167.0
8016,8017,121.0
8017,8018,243.0
8018,8019,111.0
8019,8020,60.0
8020,8021,179.0
8021,8022,88.0
8022,8023,83.0
8096,282,66.0
8098,1988,60.0
8067,8068,60.0
8068,8069,124.0
8069,8070,276.0
8070,8071,91.0
8071,8072,60.0
8072,8073,175.0
8073,8074,72.0
8074,8075,183.0
8075,8076,137.0
8076,8077,198.0
8079,8080,100.0
8080,8081,197.0
8081,8082,131.0
8082,8083,195.0
8083,8084,80.0
8084,8085,163.0
8085,8086,60.0
8086,8087,113.0
8087,8088,266.0
5795,2519,92.0
8164,3709,97.0
8234,8235,60.0
8235,1844,97.0
8235,8234,60.0
106712,106713,60.0
106713,106714,327.0
106714,106715,114.0
106715,106716,80.0
106716,106717,125.0
106717,106718,87.0
106718,106719,75.0
106719,106720,61.0
106720,8100,88.0
8100,8101,60.0
8101,8102,60.0
8102,8103,251.0
8103,8104,100.0
8104,8105,126.0
8105,8106,60.0
8106,8107,122.0
8107,8108,111.0
8108,8109,207.0
8109,8110,170.0
8110,8111,69.0
8111,8112,60.0
8112,8113,60.0
8113,8114,175.0
8114,8115,60.0
8115,8116,109.0
8116,8117,97.0
8117,8118,93.0
8118,8119,60.0
8119,8120,112.0
8120,8121,68.0
8121,8122,136.0
8122,8123,98.0
8123,8124,76.0
8124,8125,74.0
8125,8126,65.0
8126,8127,116.0
8127,8128,79.0
8128,8129,106.0
8129,8130,322.0
8130,3680,187.0
8283,8282,107.0
8282,1242,70.0
8284,8285,60.0
8285,8606,64.0
8132,8133,205.0
8133,8134,185.0
8134,8135,326.0
8135,8136,104.0
8136,8137,81.0
8137,8138,115.0
8138,8139,64.0
8139,8140,74.0
8140,8141,74.0
8141,8142,101.0
8142,8143,132.0
8143,8144,73.0
8144,8145,96.0
8145,8146,60.0
8146,8147,117.0
8147,8148,94.0
8148,8149,106.0
8149,8150,73.0
8150,8151,148.0
8151,8152,60.0
8152,8153,63.0
8153,8154,62.0
8154,8155,167.0
8155,8156,204.0
8156,8157,121.0
8157,8158,113.0
8158,8159,105.0
8159,8160,120.0
8160,8161,69.0
8161,8162,217.0
8162,106721,71.0
106721,106722,60.0
106722,106723,86.0
106723,106724,62.0
106724,106725,86.0
106725,106726,84.0
106726,106727,115.0
106727,106728,81.0
106728,106712,116.0
8327,8328,120.0
8328,8329,97.0
8329,366,110.0
366,365,60.0
366,367,138.0
367,366,63.0
367,368,60.0
368,367,60.0
368,369,64.0
369,368,60.0
369,370,60.0
370,369,68.0
370,371,60.0
371,370,60.0
371,372,67.0
372,371,260.0
372,4625,60.0
8377,8378,60.0
8378,8379,60.0
8379,8380,101.0
8380,8381,214.0
8381,8382,98.0
8382,8383,128.0
8383,8384,160.0
8384,8385,69.0
8385,4672,131.0
4672,8386,65.0
8386,8387,60.0
8387,8388,66.0
8388,8389,108.0
8389,8177,60.0
8177,8362,244.0
8362,8179,110.0
8362,8189,60.0
8179,8180,60.0
8179,8362,100.0
8180,8181,60.0
8181,8182,185.0
8181,8188,185.0
8182,8183,190.0
8183,8184,111.0
8183,8204,306.0
8184,8183,67.0
8184,8185,307.0
8185,1978,75.0
8186,8184,79.0
8204,8181,116.0
8188,8179,144.0
8189,8364,112.0
8364,8365,134.0
8365,8366,140.0
8366,8367,79.0
8367,4702,63.0
4702,8368,60.0
8368,8369,67.0
8369,8370,129.0
8370,8371,69.0
8371,8372,156.0
8372,8373,128.0
8373,8374,98.0
8374,8375,220.0
8375,8376,92.0
8558,8559,60.0
8559,8571,83.0
8559,8572,64.0
8571,1872,64.0
8571,8559,74.0
365,364,136.0
364,363,114.0
363,362,99.0
293,294,79.0
293,557,79.0
8572,2006,75.0
8526,4907,120.0
8526,8527,60.0
8527,8528,121.0
8528,8529,81.0
8529,8530,67.0
8530,8531,86.0
8531,8532,122.0
8531,8540,140.0
8532,8533,139.0
8533,8534,69.0
8533,8539,84.0
8534,8535,83.0
8535,8536,104.0
8535,8538,60.0
8536,1841,60.0
8451,8537,134.0
8537,8535,124.0
8538,8533,104.0
8539,8531,67.0
8540,8541,122.0
8541,8542,84.0
8542,8543,70.0
8543,8526,82.0
8606,8607,92.0
8607,8608,60.0
8608,1797,60.0
8608,8609,115.0
8609,8610,60.0
8610,8283,60.0
8821,8820,309.0
8820,8819,72.0
8819,8818,60.0
8818,8817,64.0
8817,8816,60.0
8817,106882,60.0
8816,8815,60.0
8816,8817,88.0
8815,8814,94.0
8815,8816,160.0
8814,8813,60.0
8814,8815,118.0
8813,8814,60.0
106882,106883,60.0
106883,106884,115.0
106884,106885,60.0
106885,1576,65.0
8808,8809,152.0
8809,8810,60.0
8810,8811,60.0
8811,1370,79.0
4050,718,77.0
4050,2151,92.0
4051,4052,344.0
4052,732,114.0
4053,4054,174.0
4054,2119,88.0
